document_id,title,document_type,department,region,version,status,effective_date,expiry_date,path,sha256,trap_tag,confidentiality
NRG-POL-SALES-001,California Laptop Promotion Policy,policy,Sales,California,2.0,approved,2026-01-01,2026-03-31,raw/2026/policies/01-california-laptop-promotion-policy-v2.md,8d623be7064f2e4b0a3e130e72ba2e84b7e652544290bdc111a3cc7d7b869457,policy,internal
NRG-POL-SALES-001,California Laptop Promotion Policy,policy,Sales,California,1.0,expired,2025-01-01,2025-03-31,raw/2025/policies/01-california-laptop-promotion-policy-v1-expired.md,0b9b687c406c234c85c478dfedf565bb6061f498612c36cef859e81e6f3c1146,expired_trap,internal
NRG-POL-INV-003,Inventory Replenishment Policy,policy,Supply Chain,United States,3.1,approved,2026-01-15,,raw/2026/policies/03-inventory-replenishment-policy.md,95d9304223eb042d8c34bb696394f89a00b36bf6bd1c85a35a8b7e159001e412,policy,internal
NRG-POL-CX-004,Electronics Return and Refund Policy,policy,Customer Experience,United States,2.0,approved,2025-11-01,,raw/2025/policies/04-electronics-return-policy.md,6044a19400caa8e9f091e1a48a658597fc03fbfec31a37839b819f7c6fd16da1,policy,internal
NRG-POL-SEC-009,Information Security Policy,policy,Information Security,United States,4.0,approved,2026-01-01,,raw/2026/policies/09-information-security-policy.md,a8d9f537f0b1c58eb8754a769d22fd1d4192166dbe60107f9689dc0187a922c3,policy,internal
NRG-SOP-SUP-006,Supplier Delay Standard Operating Procedure,procedure,Supply Chain,United States,1.2,approved,2025-09-01,,raw/2025/procedures/06-supplier-delay-sop.md,01670fc9d503544c6538d9846e800a0b1fe9a24036d06737f21d564aed7033fb,policy,internal
NRG-RPT-SALES-010,Q1 2026 California Laptop Sales Report,report,Sales,California,1.0,approved,2026-04-10,,raw/2026/reports/10-q1-2026-sales-report.md,423ae72d0904018a3d5fb8c771db90ad10b1351137d4e20360b6f1970210439a,multi_hop,internal
NRG-RPT-INV-011,Inventory Risk Report April 2026,report,Supply Chain,California,1.0,approved,2026-04-12,,raw/2026/reports/11-inventory-risk-report.md,acc7be8c9ab06be0fb57c3f641acfc6a1c299de537769f08b08fb45c5792fd96,multi_hop,internal
NRG-CAT-PROD-012,Laptop Product Catalog,catalog,Merchandising,United States,2026.1,approved,2026-01-01,,raw/2026/multimodal/12-laptop-product-catalog.md,defa083495d5e2b7f81e239e439c8b2b24ecb160bb5eb931948126cf6d9a03dc,catalog,internal
NRG-SOP-GOLD-0001,Supply Chain Procedure — Texas #1,procedure,Supply Chain,Texas,1.0,approved,2026-02-02,,raw/2026/procedures/001-procedure-texas.md,582b93938769d340568218a975eaedc5e7ec2c489e2c519c2d52941ef9e9b990,,internal
NRG-RPT-GOLD-0002,Procurement Report — New York #2,report,Procurement,New York,1.0,approved,2026-03-03,,raw/2026/reports/002-report-new-york.md,19e66ff3675803e6b1104049e4dfb830ce008781f44654d76b686a68285fda15,,internal
NRG-RBK-GOLD-0003,Finance Runbook — Florida #3,runbook,Finance,Florida,1.0,approved,2026-04-04,,raw/2026/runbooks/003-runbook-florida.md,76d6d8dcbb1dfe2343ade1e0e7cc5a6bf1873193136253feb4b5cdc18bca5680,,internal
NRG-MAN-GOLD-0004,HR Manual — North Carolina #4,manual,HR,North Carolina,1.0,approved,2026-05-05,,raw/2026/manuals/004-manual-north-carolina.md,f5143bd3cc816818ab255fd3953d5b963564344de8b933270eac8bad680772f2,,internal
NRG-ANN-GOLD-0005,Information Security Store Announcement — Illinois #5,store_announcement,Information Security,Illinois,1.0,approved,2026-06-06,,raw/2026/announcements/005-store_announcement-illinois.md,fe38ac16daeeb1e473a1f5a58057be5024d9878d9391da4ae83ce2d88b2e9098,,internal
NRG-POL-GOLD-0006,Data Engineering Policy — Washington #6,policy,Data Engineering,Washington,1.0,approved,2026-01-07,,raw/2026/policies/006-policy-washington.md,0ed3cbe5c8d3027011457b136b50939ca1ed57570963aa50e4e1da891df6e3b9,,internal
NRG-SOP-GOLD-0007,Cloud Operations Procedure — Georgia #7,procedure,Cloud Operations,Georgia,1.0,approved,2026-02-08,,raw/2026/procedures/007-procedure-georgia.md,eb60d5ad389cb1f1dbbcdf2e30ed2dc69740442f04a92d562cbf342340758fa8,,internal
NRG-RPT-GOLD-0008,Customer Experience Report — Arizona #8,report,Customer Experience,Arizona,1.0,approved,2026-03-09,,raw/2026/reports/008-report-arizona.md,3b632e75ee3d5e2c906aa26ca1df441bccce28d90eaa7bde7daefd45a1bc0579,,internal
NRG-RBK-GOLD-0009,Legal Runbook — Colorado #9,runbook,Legal,Colorado,1.0,approved,2026-04-10,,raw/2026/runbooks/009-runbook-colorado.md,8265590264753f2a7fb0898ddc41a1df227a007fdc091870e3f4f000f9f85048,,internal
NRG-MAN-GOLD-0010,Merchandising Manual — California #10,manual,Merchandising,California,1.0,approved,2026-05-11,,raw/2026/manuals/010-manual-california.md,446cffedcc6bc3d2efe18f096a2f703746317f645aac534ed0f6206b04b3976f,,internal
NRG-ANN-GOLD-0011,Marketing Store Announcement — Texas #11,store_announcement,Marketing,Texas,1.0,approved,2026-06-12,,raw/2026/announcements/011-store_announcement-texas.md,24a7dad4fb1e3db09186da6e2720cc52799b2a3ad1fc7d5ab06c5b89ac33f61c,,internal
NRG-POL-GOLD-0012,Store Operations Policy — New York #12,policy,Store Operations,New York,1.0,approved,2026-01-13,,raw/2026/policies/012-policy-new-york.md,2a373efcf9f9da2346d12a0d69a638965154d2e61bd22dfb6815fbaa39534d3c,,internal
NRG-SOP-GOLD-0013,Compliance Procedure — Florida #13,procedure,Compliance,Florida,1.0,approved,2026-02-14,,raw/2026/procedures/013-procedure-florida.md,c4faadb6a0202f94b8ad7505eb1372b05023eefc12f71c11ffb404f69ec11044,,internal
NRG-RPT-GOLD-0014,Sales Report — North Carolina #14,report,Sales,North Carolina,1.0,approved,2026-03-15,,raw/2026/reports/014-report-north-carolina.md,31bff308761088d903a778422405e8ff9a5be26d12d3daa6cb8abcf903084913,,internal
NRG-RBK-GOLD-0015,Supply Chain Runbook — Illinois #15,runbook,Supply Chain,Illinois,1.0,approved,2026-04-16,,raw/2026/runbooks/015-runbook-illinois.md,731e84dbde7bcd15540c079a69424fb6837c6ba57b830f0ab497df5017f26a00,,internal
NRG-MAN-GOLD-0016,Procurement Manual — Washington #16,manual,Procurement,Washington,1.0,approved,2026-05-17,,raw/2026/manuals/016-manual-washington.md,ded0ec875fe17791acf7bc1c1275d940a0c042e846758cb0b4d9701b459c349d,,internal
NRG-ANN-GOLD-0017,Finance Store Announcement — Georgia #17,store_announcement,Finance,Georgia,1.0,approved,2026-06-18,,raw/2026/announcements/017-store_announcement-georgia.md,3ed9db017d15debf7a2095e6c1c84ab3a2ebd33a98246e3064418c77462e49b6,,internal
NRG-POL-GOLD-0018,HR Policy — Arizona #18,policy,HR,Arizona,1.0,approved,2026-01-19,,raw/2026/policies/018-policy-arizona.md,bd23709a4e883bd57c6b2d8e59aa221df4caa8b818ef39d8a5e714c5ad984679,,internal
NRG-SOP-GOLD-0019,Information Security Procedure — Colorado #19,procedure,Information Security,Colorado,1.0,approved,2026-02-20,,raw/2026/procedures/019-procedure-colorado.md,be91c9b4f04a5d5a02baa4861c761ed9ab9dd96e985008c201d657ad38d576cc,,internal
NRG-RPT-GOLD-0020,Data Engineering Report — California #20,report,Data Engineering,California,1.0,approved,2026-03-21,,raw/2026/reports/020-report-california.md,5d8d8c16031612b5fc88608277593d21980c6799c9900a61a5e3c87e5e466a0c,,internal
NRG-RBK-GOLD-0021,Cloud Operations Runbook — Texas #21,runbook,Cloud Operations,Texas,1.0,approved,2026-04-22,,raw/2026/runbooks/021-runbook-texas.md,a7e354d4211d2983633005c073d3ad8d3f607f5184f09edd74afc409b55970d4,,internal
NRG-MAN-GOLD-0022,Customer Experience Manual — New York #22,manual,Customer Experience,New York,1.0,approved,2026-05-23,,raw/2026/manuals/022-manual-new-york.md,3e990bc40194b0efd1088341bda742a89cd790a131936ecedd4939f7aad9f750,,internal
NRG-ANN-GOLD-0023,Legal Store Announcement — Florida #23,store_announcement,Legal,Florida,1.0,approved,2026-06-24,,raw/2026/announcements/023-store_announcement-florida.md,78b5c465859db5a3c83953b8046894d56bee73bec2008c00e0e5f1e79271d66a,,internal
NRG-POL-GOLD-0024,Merchandising Policy — North Carolina #24,policy,Merchandising,North Carolina,1.0,approved,2026-01-25,,raw/2026/policies/024-policy-north-carolina.md,2b490f0d7dbc18a0646436283d894e71e993de32cbd88ad23da6626e5de17db7,,internal
NRG-SOP-GOLD-0025,Marketing Procedure — Illinois #25,procedure,Marketing,Illinois,1.0,approved,2026-02-26,,raw/2026/procedures/025-procedure-illinois.md,c6eb0a102f1e2c97df720f943df24804a292fd52e509d454a24bf684cd6037ec,,internal
NRG-RPT-GOLD-0026,Store Operations Report — Washington #26,report,Store Operations,Washington,1.0,approved,2026-03-27,,raw/2026/reports/026-report-washington.md,37a77a931d3a8b4cdec3012968e0f51c51b3b4ec78a94c8fbaa92ec61888f3f2,,internal
NRG-RBK-GOLD-0027,Compliance Runbook — Georgia #27,runbook,Compliance,Georgia,1.0,approved,2026-04-01,,raw/2026/runbooks/027-runbook-georgia.md,6116255fea6e32bab277ca0d0fc651910ffbe23ff80470a9cbbc1ab62cd6a087,,internal
NRG-MAN-GOLD-0028,Sales Manual — Arizona #28,manual,Sales,Arizona,1.0,approved,2026-05-02,,raw/2026/manuals/028-manual-arizona.md,3bf7a08aae6d3cd706de806726565205d76921c4253035f98c5a70ebfba7cc6b,,internal
NRG-ANN-GOLD-0029,Supply Chain Store Announcement — Colorado #29,store_announcement,Supply Chain,Colorado,1.0,approved,2026-06-03,,raw/2026/announcements/029-store_announcement-colorado.md,4bd1dc7d3f340d6a8b2c46e8b77e4ec0c727624b570a81569ecda27152364fa4,,internal
NRG-POL-GOLD-0030,Procurement Policy — California #30,policy,Procurement,California,1.0,approved,2026-01-04,,raw/2026/policies/030-policy-california.md,ec40152c357d67a6cb73db0e4ed488f253aab8860a1b4db283790182d392ab25,,internal
NRG-SOP-GOLD-0031,Finance Procedure — Texas #31,procedure,Finance,Texas,1.0,approved,2026-02-05,,raw/2026/procedures/031-procedure-texas.md,697f6dccbffabdd3e24edec896846b1ae21cb3e5b563a507a4c215f32541a8f1,,internal
NRG-RPT-GOLD-0032,HR Report — New York #32,report,HR,New York,1.0,approved,2026-03-06,,raw/2026/reports/032-report-new-york.md,75cef293e7849e9dbff518631c9b3f9768f8528c04652b2c7ef8576741e89fb4,,internal
NRG-RBK-GOLD-0033,Information Security Runbook — Florida #33,runbook,Information Security,Florida,1.0,approved,2026-04-07,,raw/2026/runbooks/033-runbook-florida.md,9c0d82c3201a044866b1d75376eec1548e2090f364f77f4aed5dc28b415ecd69,,internal
NRG-MAN-GOLD-0034,Data Engineering Manual — North Carolina #34,manual,Data Engineering,North Carolina,1.0,approved,2026-05-08,,raw/2026/manuals/034-manual-north-carolina.md,b4c4097564a90b05de62904ee7234790dde22ea9de46cdee76fc2db5a5a89d08,,internal
NRG-ANN-GOLD-0035,Cloud Operations Store Announcement — Illinois #35,store_announcement,Cloud Operations,Illinois,1.0,approved,2026-06-09,,raw/2026/announcements/035-store_announcement-illinois.md,174f6b63f8c473cfe092c3f8707cd02d8ed9d4ab43909850a0653a392b80b7ee,,internal
NRG-POL-GOLD-0036,Customer Experience Policy — Washington #36,policy,Customer Experience,Washington,1.0,approved,2026-01-10,,raw/2026/policies/036-policy-washington.md,0579cf049c4b2af8df2b732a5f588f32a2378ad4af9b5e930a0a7fd28d6e5624,,internal
NRG-SOP-GOLD-0037,Legal Procedure — Georgia #37,procedure,Legal,Georgia,1.0,approved,2026-02-11,,raw/2026/procedures/037-procedure-georgia.md,58d78bd9e8d69b4a854f0a26be3d483f9711c548d9e9dc432722d0c10f468811,,internal
NRG-RPT-GOLD-0038,Merchandising Report — Arizona #38,report,Merchandising,Arizona,1.0,approved,2026-03-12,,raw/2026/reports/038-report-arizona.md,f6c92acf98b5804281c46ca79a66013d73e15d078d2465dd5c2af00d665e015c,,internal
NRG-RBK-GOLD-0039,Marketing Runbook — Colorado #39,runbook,Marketing,Colorado,1.0,approved,2026-04-13,,raw/2026/runbooks/039-runbook-colorado.md,58aa10f2a2c6e375da66c67bfd9dd74841fd9ae199dcbcc4aa88fa519313c50c,,internal
NRG-MAN-GOLD-0040,Store Operations Manual — California #40,manual,Store Operations,California,1.0,approved,2026-05-14,,raw/2026/manuals/040-manual-california.md,98aac604a3a1f088cb3c47b0cf9cb751b8b3e0398529c29f0c8846f5448bbe5e,,internal
NRG-ANN-GOLD-0041,Compliance Store Announcement — Texas #41,store_announcement,Compliance,Texas,1.0,approved,2026-06-15,,raw/2026/announcements/041-store_announcement-texas.md,61a8b384c28b4455832282171a4dfde597b153357441a794cd8c3575c228f5a5,,internal
NRG-POL-GOLD-0042,Sales Policy — New York #42,policy,Sales,New York,1.0,approved,2026-01-16,,raw/2026/policies/042-policy-new-york.md,5b4393fe96d4a08142a8c1704c64e51ed52da517fe0ed7cb66c56d7b9bf014c6,,internal
NRG-SOP-GOLD-0043,Supply Chain Procedure — Florida #43,procedure,Supply Chain,Florida,1.0,approved,2026-02-17,,raw/2026/procedures/043-procedure-florida.md,7c939401cb8763a80ac528d9e6accf3eedc90be1f9d378b1a856753d04fe8c1b,,internal
NRG-RPT-GOLD-0044,Procurement Report — North Carolina #44,report,Procurement,North Carolina,1.0,approved,2026-03-18,,raw/2026/reports/044-report-north-carolina.md,efb4fd1e6d731dd1538869f717da831098ce91d26c31cb08c8762d643b7f4e24,,internal
NRG-RBK-GOLD-0045,Finance Runbook — Illinois #45,runbook,Finance,Illinois,1.0,approved,2026-04-19,,raw/2026/runbooks/045-runbook-illinois.md,13f2c30da3cacb8387960227a815df6e1e869c7cabead6507a7aa26c3b546e2d,,internal
NRG-MAN-GOLD-0046,HR Manual — Washington #46,manual,HR,Washington,1.0,approved,2026-05-20,,raw/2026/manuals/046-manual-washington.md,8a64362957d6d4c3524d6a1f6f34a1d9ce8ab26edbfbb484a1744fbb18dd22d3,,internal
NRG-ANN-GOLD-0047,Information Security Store Announcement — Georgia #47,store_announcement,Information Security,Georgia,1.0,approved,2026-06-21,,raw/2026/announcements/047-store_announcement-georgia.md,26ae01c2414a2a4534c93516e582b87956c3fd4807c4dd73f6542bdf2a16be14,,internal
NRG-POL-GOLD-0048,Data Engineering Policy — Arizona #48,policy,Data Engineering,Arizona,1.0,approved,2026-01-22,,raw/2026/policies/048-policy-arizona.md,e5a5f4184f01fb3a2ca0b1dfd3c7598979eb1fc20edc41489e438bb64ec6d0c3,,internal
NRG-SOP-GOLD-0049,Cloud Operations Procedure — Colorado #49,procedure,Cloud Operations,Colorado,1.0,approved,2026-02-23,,raw/2026/procedures/049-procedure-colorado.md,38623ff3193c8f4e2c136fb3c5c3b4b303297527602a22c3ba532c11df27ee4e,,internal
NRG-RPT-GOLD-0050,Customer Experience Report — California #50,report,Customer Experience,California,1.0,approved,2026-03-24,,raw/2026/reports/050-report-california.md,4e44fd5b07adb8022bde27cf706db566db5a3c6d1ae64d1c6e68ae198c36af4b,,internal
NRG-RBK-GOLD-0051,Legal Runbook — Texas #51,runbook,Legal,Texas,1.0,approved,2026-04-25,,raw/2026/runbooks/051-runbook-texas.md,8d1533f37c116dceb989fca95d3462533042025fa09636400de142c6ff6f3e8a,,internal
NRG-MAN-GOLD-0052,Merchandising Manual — New York #52,manual,Merchandising,New York,1.0,approved,2026-05-26,,raw/2026/manuals/052-manual-new-york.md,2f94e30bb2cd16574a32f32d77a291ef984e6c361ef0766d5f1b969762f599ea,,internal
NRG-ANN-GOLD-0053,Marketing Store Announcement — Florida #53,store_announcement,Marketing,Florida,1.0,approved,2026-06-27,,raw/2026/announcements/053-store_announcement-florida.md,18aadb8bd5c007217067ba76d29105e5ab35c905e27d4788932a888d9b00ea42,,internal
NRG-POL-GOLD-0054,Store Operations Policy — North Carolina #54,policy,Store Operations,North Carolina,1.0,approved,2026-01-01,,raw/2026/policies/054-policy-north-carolina.md,a6db4898c06f0ddcbc95e31535ecc99cf8a8cbd650792d069d2527c5fab8b1d0,,internal
NRG-SOP-GOLD-0055,Compliance Procedure — Illinois #55,procedure,Compliance,Illinois,1.0,approved,2026-02-02,,raw/2026/procedures/055-procedure-illinois.md,30347e9b99240f5434f443366ffe2ab3d35925828b42c21d7dceb8942bc61d8a,,internal
NRG-RPT-GOLD-0056,Sales Report — Washington #56,report,Sales,Washington,1.0,approved,2026-03-03,,raw/2026/reports/056-report-washington.md,dce65b2fa4fa64ea182b6ec7fda91387e188f5cc707b41fb348e7d7720863f4c,,internal
NRG-RBK-GOLD-0057,Supply Chain Runbook — Georgia #57,runbook,Supply Chain,Georgia,1.0,approved,2026-04-04,,raw/2026/runbooks/057-runbook-georgia.md,c7f0e29bf671b9cea41c818f7c05fbbf50cc0832cac74d7d7cd922493378d680,,internal
NRG-MAN-GOLD-0058,Procurement Manual — Arizona #58,manual,Procurement,Arizona,1.0,approved,2026-05-05,,raw/2026/manuals/058-manual-arizona.md,66d32d882295a20e62d13511788d2b80fc363536e9908803d5e61fd8232fdd92,,internal
NRG-ANN-GOLD-0059,Finance Store Announcement — Colorado #59,store_announcement,Finance,Colorado,1.0,approved,2026-06-06,,raw/2026/announcements/059-store_announcement-colorado.md,9426e727e4b37bc9ee3c1101e2a59d327dc4d0cb01f7d532821a263205f74030,,internal
NRG-POL-GOLD-0060,HR Policy — California #60,policy,HR,California,1.0,approved,2026-01-07,,raw/2026/policies/060-policy-california.md,cf8e8e78321ba61640575fc17a9145b283c069fb3a164d7519367235351ff10b,,internal
NRG-SOP-GOLD-0061,Information Security Procedure — Texas #61,procedure,Information Security,Texas,1.0,approved,2026-02-08,,raw/2026/procedures/061-procedure-texas.md,8b695fe35ac4b4ee346e3ede3a8656cbafcaea5176746b77c885a7e7111ee970,,internal
NRG-RPT-GOLD-0062,Data Engineering Report — New York #62,report,Data Engineering,New York,1.0,approved,2026-03-09,,raw/2026/reports/062-report-new-york.md,857d7b9cf3cff49159a9320a2ee76115ddde6af71a15a9f7a38ef56e67f7397b,,internal
NRG-RBK-GOLD-0063,Cloud Operations Runbook — Florida #63,runbook,Cloud Operations,Florida,1.0,approved,2026-04-10,,raw/2026/runbooks/063-runbook-florida.md,08a3764a2f89f8afedfb2065efc4571ed9516830217336956b784172fc60fc02,,internal
NRG-MAN-GOLD-0064,Customer Experience Manual — North Carolina #64,manual,Customer Experience,North Carolina,1.0,approved,2026-05-11,,raw/2026/manuals/064-manual-north-carolina.md,99efdeb29443e8fb28c41f9ef3d6db61f03a857e4dae5044d2b18ce39bed82ae,,internal
NRG-ANN-GOLD-0065,Legal Store Announcement — Illinois #65,store_announcement,Legal,Illinois,1.0,approved,2026-06-12,,raw/2026/announcements/065-store_announcement-illinois.md,aff876d27da8bd81a1b4930a7306fbb0d20339e65a58cdba321605bdd5224525,,internal
NRG-POL-GOLD-0066,Merchandising Policy — Washington #66,policy,Merchandising,Washington,1.0,approved,2026-01-13,,raw/2026/policies/066-policy-washington.md,dae2a28c429b95b32bf52e210f0676ab4ea4fecf0539d177d944dfedcfdea4ba,,internal
NRG-SOP-GOLD-0067,Marketing Procedure — Georgia #67,procedure,Marketing,Georgia,1.0,approved,2026-02-14,,raw/2026/procedures/067-procedure-georgia.md,7ea4094ea2844a0fd3b808275986fcdaf6a67b577d4207ca8268631cbb7956f0,,internal
NRG-RPT-GOLD-0068,Store Operations Report — Arizona #68,report,Store Operations,Arizona,1.0,approved,2026-03-15,,raw/2026/reports/068-report-arizona.md,dfcfc0e6c24d8fa5a5cdc77dcf7e00b1e2812d6d3e84e8699d00a529b491ce3a,,internal
NRG-RBK-GOLD-0069,Compliance Runbook — Colorado #69,runbook,Compliance,Colorado,1.0,approved,2026-04-16,,raw/2026/runbooks/069-runbook-colorado.md,bb177f2575463544459b30fc31965bfbf56bc91994395e7a0c1bc3abdfb21263,,internal
NRG-MAN-GOLD-0070,Sales Manual — California #70,manual,Sales,California,1.0,approved,2026-05-17,,raw/2026/manuals/070-manual-california.md,97177a62bd06cb07058208c2a6e66a1ffc46fc69cc877618db8cb030ecf22442,,internal
NRG-ANN-GOLD-0071,Supply Chain Store Announcement — Texas #71,store_announcement,Supply Chain,Texas,1.0,approved,2026-06-18,,raw/2026/announcements/071-store_announcement-texas.md,d5c49c32f9a04aada6fc9425f8a4484f2bc758cafe88b913a42282e0d7594d80,,internal
NRG-POL-GOLD-0072,Procurement Policy — New York #72,policy,Procurement,New York,1.0,approved,2026-01-19,,raw/2026/policies/072-policy-new-york.md,189add2c31e594eaeb8c936d0d1dcded02e6ce8eeab8ee61e5f228de74d7e49f,,internal
NRG-SOP-GOLD-0073,Finance Procedure — Florida #73,procedure,Finance,Florida,1.0,approved,2026-02-20,,raw/2026/procedures/073-procedure-florida.md,255af5c790f6ec5ae81078c06c7b50b0aadd72c7504b81f70089e94276369196,,internal
NRG-RPT-GOLD-0074,HR Report — North Carolina #74,report,HR,North Carolina,1.0,approved,2026-03-21,,raw/2026/reports/074-report-north-carolina.md,76b38eb9c1a8a6b63cfd5cf0edb520b1e2ba20f383a4ac08229fd986a3bfe533,,internal
NRG-RBK-GOLD-0075,Information Security Runbook — Illinois #75,runbook,Information Security,Illinois,1.0,approved,2026-04-22,,raw/2026/runbooks/075-runbook-illinois.md,3c9501edd734e676547082a54767affa16a0750578361591f49c3c9cffc65830,,internal
NRG-MAN-GOLD-0076,Data Engineering Manual — Washington #76,manual,Data Engineering,Washington,1.0,approved,2026-05-23,,raw/2026/manuals/076-manual-washington.md,72a7e045851c861b3d9c58bdd2747a22a59e4335198fd8f56233e3666f07b905,,internal
NRG-ANN-GOLD-0077,Cloud Operations Store Announcement — Georgia #77,store_announcement,Cloud Operations,Georgia,1.0,approved,2026-06-24,,raw/2026/announcements/077-store_announcement-georgia.md,a5a09ddacc5dae2842ce1d04b40ba10b904ad76090d58d87e188f1d5eecbdd07,,internal
NRG-POL-GOLD-0078,Customer Experience Policy — Arizona #78,policy,Customer Experience,Arizona,1.0,approved,2026-01-25,,raw/2026/policies/078-policy-arizona.md,184d13148bb690d56ec935bc941b48eb1cfd33b7f0b17e2a76caf9313a331247,,internal
NRG-SOP-GOLD-0079,Legal Procedure — Colorado #79,procedure,Legal,Colorado,1.0,approved,2026-02-26,,raw/2026/procedures/079-procedure-colorado.md,4e24e8cdd3d55052ffef50ad76599cf0ede3d84567c1dc0eda2a387345526160,,internal
NRG-RPT-GOLD-0080,Merchandising Report — California #80,report,Merchandising,California,1.0,approved,2026-03-27,,raw/2026/reports/080-report-california.md,3cd72a031176e1ead92d7b0929091cd21c588eeae9304de80d42bf7ac3606770,,internal
NRG-RBK-GOLD-0081,Marketing Runbook — Texas #81,runbook,Marketing,Texas,1.0,approved,2026-04-01,,raw/2026/runbooks/081-runbook-texas.md,7531d3948555583d8d87291b6aa7dca4a0b7a72dc7025bb8a0f7d16731ecf5fe,,internal
NRG-MAN-GOLD-0082,Store Operations Manual — New York #82,manual,Store Operations,New York,1.0,approved,2026-05-02,,raw/2026/manuals/082-manual-new-york.md,50706799c9ef9a366acbfdf86dfa6f612646ad72d9c29492e3159f70df5e25f9,,internal
NRG-ANN-GOLD-0083,Compliance Store Announcement — Florida #83,store_announcement,Compliance,Florida,1.0,approved,2026-06-03,,raw/2026/announcements/083-store_announcement-florida.md,7dbb37c1d5ef2df151fe34ff6d777d4650e5aab59b68b7cb17cd78bec7101eb1,,internal
NRG-POL-GOLD-0084,Sales Policy — North Carolina #84,policy,Sales,North Carolina,1.0,approved,2026-01-04,,raw/2026/policies/084-policy-north-carolina.md,dee7949cceb7f5d09ff7fc738b0d5ecca9c56f926234eebbcab075aadb2d7da3,,internal
NRG-SOP-GOLD-0085,Supply Chain Procedure — Illinois #85,procedure,Supply Chain,Illinois,1.0,approved,2026-02-05,,raw/2026/procedures/085-procedure-illinois.md,cb3d894154448785d5e243476f5ef109b3446d46757dbf93ab3ca6afc67e5ace,,internal
NRG-RPT-GOLD-0086,Procurement Report — Washington #86,report,Procurement,Washington,1.0,approved,2026-03-06,,raw/2026/reports/086-report-washington.md,56b5252d559d8939b6bef6f4abca9254a7ee562ea674a05fcd905251b60a47f4,,internal
NRG-RBK-GOLD-0087,Finance Runbook — Georgia #87,runbook,Finance,Georgia,1.0,approved,2026-04-07,,raw/2026/runbooks/087-runbook-georgia.md,d2ddcec60c724e3a39fffe8bf1d5c4eb00b0fb07ca20038b069ad65563a28876,,internal
NRG-MAN-GOLD-0088,HR Manual — Arizona #88,manual,HR,Arizona,1.0,approved,2026-05-08,,raw/2026/manuals/088-manual-arizona.md,cef1ee30ae52292d6b519f46db47e8c747782981d54f847c9329b462f63b2bcb,,internal
NRG-ANN-GOLD-0089,Information Security Store Announcement — Colorado #89,store_announcement,Information Security,Colorado,1.0,approved,2026-06-09,,raw/2026/announcements/089-store_announcement-colorado.md,8fd098e2dd04942c961513790d3c5fcde1b0be8ac3d0fb1768fcd0225d20a08b,,internal
NRG-POL-GOLD-0090,Data Engineering Policy — California #90,policy,Data Engineering,California,1.0,approved,2026-01-10,,raw/2026/policies/090-policy-california.md,396ffa4545f2c69b094d9f9103c174f3ba3d81ee0712b6c448da1d0070330758,,internal
NRG-SOP-GOLD-0091,Cloud Operations Procedure — Texas #91,procedure,Cloud Operations,Texas,1.0,approved,2026-02-11,,raw/2026/procedures/091-procedure-texas.md,b9ee56570bd098d54d1f83c5a814b6312dbd43b2ac8947251958139aadffeca3,,internal
NRG-RPT-GOLD-0092,Customer Experience Report — New York #92,report,Customer Experience,New York,1.0,approved,2026-03-12,,raw/2026/reports/092-report-new-york.md,be96242585b6d9b1020df37ba2438712a86cf18185a1d416fa6bf1bc32dcc8ea,,internal
NRG-RBK-GOLD-0093,Legal Runbook — Florida #93,runbook,Legal,Florida,1.0,approved,2026-04-13,,raw/2026/runbooks/093-runbook-florida.md,000e2a1d96b940260f708b96b190c8347fd0962de163f7166c6a70ca2d75a87a,,internal
NRG-MAN-GOLD-0094,Merchandising Manual — North Carolina #94,manual,Merchandising,North Carolina,1.0,approved,2026-05-14,,raw/2026/manuals/094-manual-north-carolina.md,155819e85da25b0802df7d45f4ef5bd2bfdb68ac2cad7083012597864b0ac9d2,,internal
NRG-ANN-GOLD-0095,Marketing Store Announcement — Illinois #95,store_announcement,Marketing,Illinois,1.0,approved,2026-06-15,,raw/2026/announcements/095-store_announcement-illinois.md,21542bcf279736819e3e1c910431891b2de8b912508e4045f360fe2e72fd0b33,,internal
NRG-POL-GOLD-0096,Store Operations Policy — Washington #96,policy,Store Operations,Washington,1.0,approved,2026-01-16,,raw/2026/policies/096-policy-washington.md,02d7c87c3f4a08a87afacda3e5c0ce80c9c7b87a689703580e83d7da3e3c7ae2,,internal
NRG-SOP-GOLD-0097,Compliance Procedure — Georgia #97,procedure,Compliance,Georgia,1.0,approved,2026-02-17,,raw/2026/procedures/097-procedure-georgia.md,d358ac0861509de3c032e8a17868b05ad2bea7b9c6eb69cf6abce3e0869d22cb,,internal
NRG-RPT-GOLD-0098,Sales Report — Arizona #98,report,Sales,Arizona,1.0,approved,2026-03-18,,raw/2026/reports/098-report-arizona.md,e58073ccb99d5bb309ab911429940b8b18650b5a89080a92e277f5d619f32e71,,internal
NRG-RBK-GOLD-0099,Supply Chain Runbook — Colorado #99,runbook,Supply Chain,Colorado,1.0,approved,2026-04-19,,raw/2026/runbooks/099-runbook-colorado.md,1fd07e36a97e02ed447caa9b237c7f9dfa9f2f86eca9898baa148c14873435bd,,internal
NRG-MAN-GOLD-0100,Procurement Manual — California #100,manual,Procurement,California,1.0,approved,2026-05-20,,raw/2026/manuals/100-manual-california.md,e0dd0ad2f52e81a1e444acf37a233024584f5f11f65ba378820be9e2605bea51,,internal
NRG-ANN-GOLD-0101,Finance Store Announcement — Texas #101,store_announcement,Finance,Texas,1.0,approved,2026-06-21,,raw/2026/announcements/101-store_announcement-texas.md,bbe5eecfeb1f7061848713f32bb6f98136bf812e626529d77fb58194388d1bf4,,internal
NRG-POL-GOLD-0102,HR Policy — New York #102,policy,HR,New York,1.0,approved,2026-01-22,,raw/2026/policies/102-policy-new-york.md,a56064834f17aae8694242598173af14bb3d44d713c621de230d971c7352baff,,internal
NRG-SOP-GOLD-0103,Information Security Procedure — Florida #103,procedure,Information Security,Florida,1.0,approved,2026-02-23,,raw/2026/procedures/103-procedure-florida.md,c1119abb8b648eb29d6e8d188f0ade9c4e7d98b0f662b5d61e73ebec7a32c940,,internal
NRG-RPT-GOLD-0104,Data Engineering Report — North Carolina #104,report,Data Engineering,North Carolina,1.0,approved,2026-03-24,,raw/2026/reports/104-report-north-carolina.md,eb0f33867a756c0509eb88ebcede7cdb30776c3f7ab3687666aa3a2015ad8fb2,,internal
NRG-RBK-GOLD-0105,Cloud Operations Runbook — Illinois #105,runbook,Cloud Operations,Illinois,1.0,approved,2026-04-25,,raw/2026/runbooks/105-runbook-illinois.md,853ac9e14d147fb05052406bf6e952041727734f5110168878109826ec17eaa8,,internal
NRG-MAN-GOLD-0106,Customer Experience Manual — Washington #106,manual,Customer Experience,Washington,1.0,approved,2026-05-26,,raw/2026/manuals/106-manual-washington.md,ee61fd8394976566feb94be8370d20ae359c502a8c1c5efa0a9eb23b45f37a84,,internal
NRG-ANN-GOLD-0107,Legal Store Announcement — Georgia #107,store_announcement,Legal,Georgia,1.0,approved,2026-06-27,,raw/2026/announcements/107-store_announcement-georgia.md,2f92c5ef9a1a18771c4d11c6981cf4fc64b8f315db086989703ce4a39e7a915e,,internal
NRG-POL-GOLD-0108,Merchandising Policy — Arizona #108,policy,Merchandising,Arizona,1.0,approved,2026-01-01,,raw/2026/policies/108-policy-arizona.md,0eae3effe7848d0d9cfd55de26f80af24c7f4e9a357118e8876e16738a1f31dc,,internal
NRG-SOP-GOLD-0109,Marketing Procedure — Colorado #109,procedure,Marketing,Colorado,1.0,approved,2026-02-02,,raw/2026/procedures/109-procedure-colorado.md,fadd3c7f0c7e3d5703e82896f698420e37bc22ad66a8b3b3674d08321c012cb5,,internal
NRG-RPT-GOLD-0110,Store Operations Report — California #110,report,Store Operations,California,1.0,approved,2026-03-03,,raw/2026/reports/110-report-california.md,f0484c3bafa6e4f7bdcc93a78ccb1b81b2b3cd9ae20618d1ef4222740e49f3bf,,internal
NRG-RBK-GOLD-0111,Compliance Runbook — Texas #111,runbook,Compliance,Texas,1.0,approved,2026-04-04,,raw/2026/runbooks/111-runbook-texas.md,a010c24532626401bccfd82977bd4c9ae6f86ab1ac5f9103c533dd864242f906,,internal
NRG-MAN-GOLD-0112,Sales Manual — New York #112,manual,Sales,New York,1.0,approved,2026-05-05,,raw/2026/manuals/112-manual-new-york.md,984c9aa8010a2538b52821fc77fd6f8cc13fee9583fd994eba29b011699c0a7e,,internal
NRG-ANN-GOLD-0113,Supply Chain Store Announcement — Florida #113,store_announcement,Supply Chain,Florida,1.0,approved,2026-06-06,,raw/2026/announcements/113-store_announcement-florida.md,8db9df7dcde4a2fd28e367d0f0fc5fa67ca0b9dbd4b79fa35a3410de87bb8aab,,internal
NRG-POL-GOLD-0114,Procurement Policy — North Carolina #114,policy,Procurement,North Carolina,1.0,approved,2026-01-07,,raw/2026/policies/114-policy-north-carolina.md,2ef56b12c0e0be69b46055070d005858097be4710c8e53ba52a021e827f86a1c,,internal
NRG-SOP-GOLD-0115,Finance Procedure — Illinois #115,procedure,Finance,Illinois,1.0,approved,2026-02-08,,raw/2026/procedures/115-procedure-illinois.md,54f8e0f75e943bcd0175d34ea205407f71f990d736dcdbd4fed40d5e32b578d3,,internal
NRG-RPT-GOLD-0116,HR Report — Washington #116,report,HR,Washington,1.0,approved,2026-03-09,,raw/2026/reports/116-report-washington.md,cb2d7da1bd229ff59e239c21982ec1289f1b43176432e256ac1c806a43cb90a5,,internal
NRG-RBK-GOLD-0117,Information Security Runbook — Georgia #117,runbook,Information Security,Georgia,1.0,approved,2026-04-10,,raw/2026/runbooks/117-runbook-georgia.md,bfa455c99db428d0a2597cb192954199e4429954e8cc2ae88f2a38bd7af08165,,internal
NRG-MAN-GOLD-0118,Data Engineering Manual — Arizona #118,manual,Data Engineering,Arizona,1.0,approved,2026-05-11,,raw/2026/manuals/118-manual-arizona.md,e2ea3d13e36700580e76bc24966fa257e10b902a076fdd47681477851acf99db,,internal
NRG-ANN-GOLD-0119,Cloud Operations Store Announcement — Colorado #119,store_announcement,Cloud Operations,Colorado,1.0,approved,2026-06-12,,raw/2026/announcements/119-store_announcement-colorado.md,5a500ecf4dfd2686af06dfca6d93d500e7ba3eedf908c6b677c13db811733112,,internal
NRG-POL-GOLD-0120,Customer Experience Policy — California #120,policy,Customer Experience,California,1.0,approved,2026-01-13,,raw/2026/policies/120-policy-california.md,ba3dcc6d4e2740b9a7587924772937476c68ded761ba34e4693b07b7b95f7cf2,,internal
NRG-SOP-GOLD-0121,Legal Procedure — Texas #121,procedure,Legal,Texas,1.0,approved,2026-02-14,,raw/2026/procedures/121-procedure-texas.md,af39691848a6b91eb8d71d0e085fbd3197fc2539860737bb78620865afd12955,,internal
NRG-RPT-GOLD-0122,Merchandising Report — New York #122,report,Merchandising,New York,1.0,approved,2026-03-15,,raw/2026/reports/122-report-new-york.md,b06835633cc9ff12c791d83437aa070c883daf6304266fbbd82e95e945e565a3,,internal
NRG-RBK-GOLD-0123,Marketing Runbook — Florida #123,runbook,Marketing,Florida,1.0,approved,2026-04-16,,raw/2026/runbooks/123-runbook-florida.md,adc312f1daf7d64eaae8cbfa356e9a0b310d5e36df6d521f0941d0355374077f,,internal
NRG-MAN-GOLD-0124,Store Operations Manual — North Carolina #124,manual,Store Operations,North Carolina,1.0,approved,2026-05-17,,raw/2026/manuals/124-manual-north-carolina.md,8c1fc0ac65503ff710bccde1d94acce157437d122d291248ae17693d8c9ca21a,,internal
NRG-ANN-GOLD-0125,Compliance Store Announcement — Illinois #125,store_announcement,Compliance,Illinois,1.0,approved,2026-06-18,,raw/2026/announcements/125-store_announcement-illinois.md,8551f48a15aa468b3985d58cd0f29e06cc8d7a9110ef19dcef388421c59851c8,,internal
NRG-POL-GOLD-0126,Sales Policy — Washington #126,policy,Sales,Washington,1.0,approved,2026-01-19,,raw/2026/policies/126-policy-washington.md,c0648dfecda863ff7711890834beb408e75fa69e844fd33972437947a4a19e71,,internal
NRG-SOP-GOLD-0127,Supply Chain Procedure — Georgia #127,procedure,Supply Chain,Georgia,1.0,approved,2026-02-20,,raw/2026/procedures/127-procedure-georgia.md,01df30f972cafa0cc2589a82ac66bae0a447478e436279f8b89537fec5fd80c5,,internal
NRG-RPT-GOLD-0128,Procurement Report — Arizona #128,report,Procurement,Arizona,1.0,approved,2026-03-21,,raw/2026/reports/128-report-arizona.md,979f56d57fff13af73b03d6ece746854cb771ac1292ad7203a5bf9c32a80bea5,,internal
NRG-RBK-GOLD-0129,Finance Runbook — Colorado #129,runbook,Finance,Colorado,1.0,approved,2026-04-22,,raw/2026/runbooks/129-runbook-colorado.md,cbb4f2a1ab075b5574eefb2cee2bb0093a60963297ab802b346213441415486a,,internal
NRG-MAN-GOLD-0130,HR Manual — California #130,manual,HR,California,1.0,approved,2026-05-23,,raw/2026/manuals/130-manual-california.md,8cd34b512b1936e8c4086369666eda38e5d0a700dff4803f69f651405015f481,,internal
NRG-ANN-GOLD-0131,Information Security Store Announcement — Texas #131,store_announcement,Information Security,Texas,1.0,approved,2026-06-24,,raw/2026/announcements/131-store_announcement-texas.md,a39a72c76ad4c184c010575181e6150765a79f63552d385dc4ecc8e44f18f71b,,internal
NRG-POL-GOLD-0132,Data Engineering Policy — New York #132,policy,Data Engineering,New York,1.0,approved,2026-01-25,,raw/2026/policies/132-policy-new-york.md,23232dbb1d6896f3da7dbb9c900eb4fc81f372e6504ed865ae0233f578c848cd,,internal
NRG-SOP-GOLD-0133,Cloud Operations Procedure — Florida #133,procedure,Cloud Operations,Florida,1.0,approved,2026-02-26,,raw/2026/procedures/133-procedure-florida.md,2a0e5037c7e5b06b19b10db7444b3433abcff9f75c051ec8535a467ab4fa2473,,internal
NRG-RPT-GOLD-0134,Customer Experience Report — North Carolina #134,report,Customer Experience,North Carolina,1.0,approved,2026-03-27,,raw/2026/reports/134-report-north-carolina.md,7397f8d1042b0872f98ea2b368f2cb8aa55ef60cbe864fc509440d8ac39f13d1,,internal
NRG-RBK-GOLD-0135,Legal Runbook — Illinois #135,runbook,Legal,Illinois,1.0,approved,2026-04-01,,raw/2026/runbooks/135-runbook-illinois.md,94abc8ca35474fcb5b52fef8c4ce08fc81c2c48af7c0d77549382d2b56b2be78,,internal
NRG-MAN-GOLD-0136,Merchandising Manual — Washington #136,manual,Merchandising,Washington,1.0,approved,2026-05-02,,raw/2026/manuals/136-manual-washington.md,b8939108d367a1557ce933895673665463e4ff9f66acecf9ffc2858b6d47e4eb,,internal
NRG-ANN-GOLD-0137,Marketing Store Announcement — Georgia #137,store_announcement,Marketing,Georgia,1.0,approved,2026-06-03,,raw/2026/announcements/137-store_announcement-georgia.md,dcea48ec60e29760e8dea8d68124fa10da569c1054c400ea0b8708ae33f41085,,internal
NRG-POL-GOLD-0138,Store Operations Policy — Arizona #138,policy,Store Operations,Arizona,1.0,approved,2026-01-04,,raw/2026/policies/138-policy-arizona.md,6499de29ad52f4d35ff97690bd3c80d919e64e5768ed17fbab49fb7cacdf1bdc,,internal
NRG-SOP-GOLD-0139,Compliance Procedure — Colorado #139,procedure,Compliance,Colorado,1.0,approved,2026-02-05,,raw/2026/procedures/139-procedure-colorado.md,1f6e08c6ca1f13eacec9ebb8c485b842194fc2a5682cd905575522358c1a3b03,,internal
NRG-RPT-GOLD-0140,Sales Report — California #140,report,Sales,California,1.0,approved,2026-03-06,,raw/2026/reports/140-report-california.md,1070e3c47ca2c8a857a917d320e4e7b3f17ed51b0496bb645a70004bd9c00e8d,,internal
NRG-RBK-GOLD-0141,Supply Chain Runbook — Texas #141,runbook,Supply Chain,Texas,1.0,approved,2026-04-07,,raw/2026/runbooks/141-runbook-texas.md,ff17cb57b18c45104a566934f775f656bdafcf68cda45ddcf63af56e14efcb2f,,internal
NRG-MAN-GOLD-0142,Procurement Manual — New York #142,manual,Procurement,New York,1.0,approved,2026-05-08,,raw/2026/manuals/142-manual-new-york.md,7fa0800e7c9b020884fcfd47a7a237e52762b06294b22412d3570c9e793c568c,,internal
NRG-ANN-GOLD-0143,Finance Store Announcement — Florida #143,store_announcement,Finance,Florida,1.0,approved,2026-06-09,,raw/2026/announcements/143-store_announcement-florida.md,3a779560ad004cf623fe08c92b5c119426e7f434bc4473da8d13f07afee0329b,,internal
NRG-POL-GOLD-0144,HR Policy — North Carolina #144,policy,HR,North Carolina,1.0,approved,2026-01-10,,raw/2026/policies/144-policy-north-carolina.md,51707bf297c92a3d440b5b75cb95e6aaec37bbcb23a57851b536d17561c3f6a0,,internal
NRG-SOP-GOLD-0145,Information Security Procedure — Illinois #145,procedure,Information Security,Illinois,1.0,approved,2026-02-11,,raw/2026/procedures/145-procedure-illinois.md,d77b41d5049b9873d847e64df1922eca270cc8bc4388f3f1d1ee8cd4e005af41,,internal
NRG-RPT-GOLD-0146,Data Engineering Report — Washington #146,report,Data Engineering,Washington,1.0,approved,2026-03-12,,raw/2026/reports/146-report-washington.md,cd00d8e559e3a0c4a39325fd992b6303d7f4a3f0ddda80d85eb58a891e041057,,internal
NRG-RBK-GOLD-0147,Cloud Operations Runbook — Georgia #147,runbook,Cloud Operations,Georgia,1.0,approved,2026-04-13,,raw/2026/runbooks/147-runbook-georgia.md,e83f6a5a37fe86d05cd5a37f3f6cc4ce9f0aee29c0e03ed854488973237abefd,,internal
NRG-MAN-GOLD-0148,Customer Experience Manual — Arizona #148,manual,Customer Experience,Arizona,1.0,approved,2026-05-14,,raw/2026/manuals/148-manual-arizona.md,14f8667da85e238234804cc3c0939794f21d356818f21c296c98cfb4b87041ed,,internal
NRG-ANN-GOLD-0149,Legal Store Announcement — Colorado #149,store_announcement,Legal,Colorado,1.0,approved,2026-06-15,,raw/2026/announcements/149-store_announcement-colorado.md,0bc9dca36edfafd8ccc62dab5e4317ae097faafc29bfd299560234ce0a5c2e23,,internal
NRG-POL-GOLD-0150,Merchandising Policy — California #150,policy,Merchandising,California,1.0,approved,2026-01-16,,raw/2026/policies/150-policy-california.md,f5de3aa266d3170064b8028971ac5be10ddfe908b81dfe2296b66982b809999d,,internal
NRG-SOP-GOLD-0151,Marketing Procedure — Texas #151,procedure,Marketing,Texas,1.0,approved,2026-02-17,,raw/2026/procedures/151-procedure-texas.md,690d89f8c05bed97319faea62c4626f6a6a62343732363e08f93bfbc9b99d46f,,internal
NRG-RPT-GOLD-0152,Store Operations Report — New York #152,report,Store Operations,New York,1.0,approved,2026-03-18,,raw/2026/reports/152-report-new-york.md,67d0f02b861814c715b4a30aa7d4b421230685904c8d55212a59edd5a6c5abd8,,internal
NRG-RBK-GOLD-0153,Compliance Runbook — Florida #153,runbook,Compliance,Florida,1.0,approved,2026-04-19,,raw/2026/runbooks/153-runbook-florida.md,a8dcf77995ceb25598d083c0265191fdd3f541c4f3eadfb99eb291035e97d637,,internal
NRG-MAN-GOLD-0154,Sales Manual — North Carolina #154,manual,Sales,North Carolina,1.0,approved,2026-05-20,,raw/2026/manuals/154-manual-north-carolina.md,f4386e7d0a698fe8df3071d300aec0fdcd3c3cc85d37434b992068a468f6c77b,,internal
NRG-ANN-GOLD-0155,Supply Chain Store Announcement — Illinois #155,store_announcement,Supply Chain,Illinois,1.0,approved,2026-06-21,,raw/2026/announcements/155-store_announcement-illinois.md,687d6463318daa977822cc7bc41523ca6b262da0379227cfb71bccd3e78fcee5,,internal
NRG-POL-GOLD-0156,Procurement Policy — Washington #156,policy,Procurement,Washington,1.0,approved,2026-01-22,,raw/2026/policies/156-policy-washington.md,6c2746dd17d50418cb4beb1496d0fc4e0df0535d2ad168666a41933f996d5405,,internal
NRG-SOP-GOLD-0157,Finance Procedure — Georgia #157,procedure,Finance,Georgia,1.0,approved,2026-02-23,,raw/2026/procedures/157-procedure-georgia.md,2d3cc17a55b977b7d24cc471e32961dc830165c7f9a4cebde50e919082bb237d,,internal
NRG-RPT-GOLD-0158,HR Report — Arizona #158,report,HR,Arizona,1.0,approved,2026-03-24,,raw/2026/reports/158-report-arizona.md,5f815067279ca1eca79c6428748ec65a98efda408f258929802b4add12e9b377,,internal
NRG-RBK-GOLD-0159,Information Security Runbook — Colorado #159,runbook,Information Security,Colorado,1.0,approved,2026-04-25,,raw/2026/runbooks/159-runbook-colorado.md,0cbedd1681afc540d9dd23d8b347a6d5e31c604c7c9764fc759e285b6c5fc6b9,,internal
NRG-MAN-GOLD-0160,Data Engineering Manual — California #160,manual,Data Engineering,California,1.0,approved,2026-05-26,,raw/2026/manuals/160-manual-california.md,d38470adaaf901f97ddebb034de2b10bdea4eff2f5c23bdef08125814286ed34,,internal
NRG-ANN-GOLD-0161,Cloud Operations Store Announcement — Texas #161,store_announcement,Cloud Operations,Texas,1.0,approved,2026-06-27,,raw/2026/announcements/161-store_announcement-texas.md,a7fc5cd0121d095c3ee3762ab5672d37cb1fb01beeb47e8795b4517d77643c11,,internal
NRG-POL-GOLD-0162,Customer Experience Policy — New York #162,policy,Customer Experience,New York,1.0,approved,2026-01-01,,raw/2026/policies/162-policy-new-york.md,99a186ba19e3466f6898388ae6ff0015e3a9967002fb8fa727bbf8742d2297bf,,internal
NRG-SOP-GOLD-0163,Legal Procedure — Florida #163,procedure,Legal,Florida,1.0,approved,2026-02-02,,raw/2026/procedures/163-procedure-florida.md,2807d79259d888788927b4acfa96bb5273273916765d3f3cc2e34a80c3f92a6b,,internal
NRG-RPT-GOLD-0164,Merchandising Report — North Carolina #164,report,Merchandising,North Carolina,1.0,approved,2026-03-03,,raw/2026/reports/164-report-north-carolina.md,65f7f7da13f8fcdaa3a4104d93c0a17807f2ed87d0821845422f27e8a1da926a,,internal
NRG-RBK-GOLD-0165,Marketing Runbook — Illinois #165,runbook,Marketing,Illinois,1.0,approved,2026-04-04,,raw/2026/runbooks/165-runbook-illinois.md,199ea7e04d121e220d1f118f0e82c665b76b00407dc916095dc0e5a0bd4e9549,,internal
NRG-MAN-GOLD-0166,Store Operations Manual — Washington #166,manual,Store Operations,Washington,1.0,approved,2026-05-05,,raw/2026/manuals/166-manual-washington.md,7041ecbf4d81d2b6144261532ac645843bc6403c3fa01acb04defdda124443ba,,internal
NRG-ANN-GOLD-0167,Compliance Store Announcement — Georgia #167,store_announcement,Compliance,Georgia,1.0,approved,2026-06-06,,raw/2026/announcements/167-store_announcement-georgia.md,f4ab9f38f5ce18264f155cf8ae485d1d810556d068ee26d59a0aa3d8e760b462,,internal
NRG-POL-GOLD-0168,Sales Policy — Arizona #168,policy,Sales,Arizona,1.0,approved,2026-01-07,,raw/2026/policies/168-policy-arizona.md,384ee5ad8d0b65c19fd1fb0082da69fd22afdce8d87344ffe44234f6cd610eb8,,internal
NRG-SOP-GOLD-0169,Supply Chain Procedure — Colorado #169,procedure,Supply Chain,Colorado,1.0,approved,2026-02-08,,raw/2026/procedures/169-procedure-colorado.md,d7cfa954d36c62b5da645386dfec6a4a64002081e48e2e24c283972bc803098c,,internal
NRG-RPT-GOLD-0170,Procurement Report — California #170,report,Procurement,California,1.0,approved,2026-03-09,,raw/2026/reports/170-report-california.md,f070d21b8815b128dbaaeb9172218b8e01eafec4458ca19fbb46fb9d28f266b8,,internal
NRG-RBK-GOLD-0171,Finance Runbook — Texas #171,runbook,Finance,Texas,1.0,approved,2026-04-10,,raw/2026/runbooks/171-runbook-texas.md,3382d71e797b3b4714eb08fe8e41ce7520783dac896e3ffc576acc41681f5fb1,,internal
NRG-MAN-GOLD-0172,HR Manual — New York #172,manual,HR,New York,1.0,approved,2026-05-11,,raw/2026/manuals/172-manual-new-york.md,2580c1ef0ea089362d4f063d30e5e5fe231a75a3f5447b6b0a121b76709b0458,,internal
NRG-ANN-GOLD-0173,Information Security Store Announcement — Florida #173,store_announcement,Information Security,Florida,1.0,approved,2026-06-12,,raw/2026/announcements/173-store_announcement-florida.md,662f62beb23519bc965b4dbe669118db0093878bdb924807c19dab512a2177af,,internal
NRG-POL-GOLD-0174,Data Engineering Policy — North Carolina #174,policy,Data Engineering,North Carolina,1.0,approved,2026-01-13,,raw/2026/policies/174-policy-north-carolina.md,713212de6df59ff5b294b72b4bd82dfd62d1d80f94a150ce84f845dfa1567b36,,internal
NRG-SOP-GOLD-0175,Cloud Operations Procedure — Illinois #175,procedure,Cloud Operations,Illinois,1.0,approved,2026-02-14,,raw/2026/procedures/175-procedure-illinois.md,93385f0413f67c7e604b00ea6992aa6bdaafd5ad33699b2a6eceaf9a5198fc07,,internal
NRG-RPT-GOLD-0176,Customer Experience Report — Washington #176,report,Customer Experience,Washington,1.0,approved,2026-03-15,,raw/2026/reports/176-report-washington.md,2c9dfac1d329dcac538bc2a755cff60ca7d3d61144f19c289c92a9374c9eed4d,,internal
NRG-RBK-GOLD-0177,Legal Runbook — Georgia #177,runbook,Legal,Georgia,1.0,approved,2026-04-16,,raw/2026/runbooks/177-runbook-georgia.md,e2a39de395cd5b33f7bce4cc3d6f687d0d34bbec0ec8253f91060d87e2d32814,,internal
NRG-MAN-GOLD-0178,Merchandising Manual — Arizona #178,manual,Merchandising,Arizona,1.0,approved,2026-05-17,,raw/2026/manuals/178-manual-arizona.md,7c6c453345ab204f6410e62276cb08f6df27569d4477706fa25c59f73ca5d76a,,internal
NRG-ANN-GOLD-0179,Marketing Store Announcement — Colorado #179,store_announcement,Marketing,Colorado,1.0,approved,2026-06-18,,raw/2026/announcements/179-store_announcement-colorado.md,e9759be47a427266a9913dcd6d38ad9c55f742a3926a42f66c335c81d8b0d12e,,internal
NRG-POL-GOLD-0180,Store Operations Policy — California #180,policy,Store Operations,California,1.0,approved,2026-01-19,,raw/2026/policies/180-policy-california.md,d78ac2e9584f3089dfb26268f7917244744e2c0a3764a0efcf064be0a2e9e95b,,internal
NRG-SOP-GOLD-0181,Compliance Procedure — Texas #181,procedure,Compliance,Texas,1.0,approved,2026-02-20,,raw/2026/procedures/181-procedure-texas.md,138724d958027f977d08685ef6f77b23545258ae1e088f40a6de975b1fcf09d2,,internal
NRG-RPT-GOLD-0182,Sales Report — New York #182,report,Sales,New York,1.0,approved,2026-03-21,,raw/2026/reports/182-report-new-york.md,5f4705b4bb4d15cded2317320d459b7f78a87ac807b283f997821c15ab3790c3,,internal
NRG-RBK-GOLD-0183,Supply Chain Runbook — Florida #183,runbook,Supply Chain,Florida,1.0,approved,2026-04-22,,raw/2026/runbooks/183-runbook-florida.md,0369258dd430a691364937c01f808bcfb86643ce4a513ed030ad48bd8855cf31,,internal
NRG-MAN-GOLD-0184,Procurement Manual — North Carolina #184,manual,Procurement,North Carolina,1.0,approved,2026-05-23,,raw/2026/manuals/184-manual-north-carolina.md,b06c725348d4dec8ef857a2457c9e3ae4a463908c97f4e5eb3a7bc81bdeacd65,,internal
NRG-ANN-GOLD-0185,Finance Store Announcement — Illinois #185,store_announcement,Finance,Illinois,1.0,approved,2026-06-24,,raw/2026/announcements/185-store_announcement-illinois.md,96ac3ca943835153af0c6944431fac07811fe61203a9576330532f177cd42b6b,,internal
NRG-POL-GOLD-0186,HR Policy — Washington #186,policy,HR,Washington,1.0,approved,2026-01-25,,raw/2026/policies/186-policy-washington.md,2906edba5a4c5d2be302159b5e9beecddcc2199afc9a1d8145a05c2601f8a06e,,internal
NRG-SOP-GOLD-0187,Information Security Procedure — Georgia #187,procedure,Information Security,Georgia,1.0,approved,2026-02-26,,raw/2026/procedures/187-procedure-georgia.md,684fbbf52865e0cb2a1e7577601865935eaa81ae2ae03947c23f3da950d44d5d,,internal
NRG-RPT-GOLD-0188,Data Engineering Report — Arizona #188,report,Data Engineering,Arizona,1.0,approved,2026-03-27,,raw/2026/reports/188-report-arizona.md,5b65ddf9b7cb4cc8eb2c2eaa6d4515775a8025f9ea1dec74e1b3d191828c53f7,,internal
NRG-RBK-GOLD-0189,Cloud Operations Runbook — Colorado #189,runbook,Cloud Operations,Colorado,1.0,approved,2026-04-01,,raw/2026/runbooks/189-runbook-colorado.md,abf8f0c7b1ce1e1e5f1acb5cf9ec4085f58f63224812c7525d481947ad30338f,,internal
NRG-MAN-GOLD-0190,Customer Experience Manual — California #190,manual,Customer Experience,California,1.0,approved,2026-05-02,,raw/2026/manuals/190-manual-california.md,d9df6ceee544b4b2171ee43971f624099e0e6484829748c3e40229bfe3c28f4b,,internal
NRG-ANN-GOLD-0191,Legal Store Announcement — Texas #191,store_announcement,Legal,Texas,1.0,approved,2026-06-03,,raw/2026/announcements/191-store_announcement-texas.md,86d9621d277f92e024304268f126989dcb60f5b18535ca98feb6586113d1ff7a,,internal
NRG-POL-GOLD-0192,Merchandising Policy — New York #192,policy,Merchandising,New York,1.0,approved,2026-01-04,,raw/2026/policies/192-policy-new-york.md,84a3b3e37db31e60d788ee11b98db9be6e7b9c152d21306dd6d5569bebea161f,,internal
NRG-SOP-GOLD-0193,Marketing Procedure — Florida #193,procedure,Marketing,Florida,1.0,approved,2026-02-05,,raw/2026/procedures/193-procedure-florida.md,7d8526e87f68e71cd1f7e551af6e0261b28e22a3e24d50cb2aa50b8b195f19c6,,internal
NRG-RPT-GOLD-0194,Store Operations Report — North Carolina #194,report,Store Operations,North Carolina,1.0,approved,2026-03-06,,raw/2026/reports/194-report-north-carolina.md,52e064115de97a59081bde36dd456cd560be4cb5aaf005dafbbde8c7072922e5,,internal
NRG-RBK-GOLD-0195,Compliance Runbook — Illinois #195,runbook,Compliance,Illinois,1.0,approved,2026-04-07,,raw/2026/runbooks/195-runbook-illinois.md,e308b993fd973ba67429b8c6b574f66b5c5375fae47feecaf70fb90595112bb8,,internal
NRG-MAN-GOLD-0196,Sales Manual — Washington #196,manual,Sales,Washington,1.0,approved,2026-05-08,,raw/2026/manuals/196-manual-washington.md,00be3830aed3232406f77c2cb02783a58d2b7498e2f896479dc34c52319a2d8b,,internal
NRG-ANN-GOLD-0197,Supply Chain Store Announcement — Georgia #197,store_announcement,Supply Chain,Georgia,1.0,approved,2026-06-09,,raw/2026/announcements/197-store_announcement-georgia.md,82c00e13d0b0d0ead9f41cb7f85d599500953ee4cd86fb25282c46965c37d133,,internal
NRG-POL-GOLD-0198,Procurement Policy — Arizona #198,policy,Procurement,Arizona,1.0,approved,2026-01-10,,raw/2026/policies/198-policy-arizona.md,25692746f360b745a9a4c868929cb2ffae9e5206f61a5aed5c13ec198764f59c,,internal
NRG-SOP-GOLD-0199,Finance Procedure — Colorado #199,procedure,Finance,Colorado,1.0,approved,2026-02-11,,raw/2026/procedures/199-procedure-colorado.md,ed496b68bb64c083ce2cb342863f25c7f845961ef1cab4077c2da12a32af0ddb,,internal
NRG-RPT-GOLD-0200,HR Report — California #200,report,HR,California,1.0,approved,2026-03-12,,raw/2026/reports/200-report-california.md,34d63b6f4be25c52afa7959b69bcc6e6dc7de0f590efdf9fc90e6c1ff9a01b0d,,internal
NRG-RBK-GOLD-0201,Information Security Runbook — Texas #201,runbook,Information Security,Texas,1.0,approved,2026-04-13,,raw/2026/runbooks/201-runbook-texas.md,127ffd3124e3bd55d4df0ac57ce4747849852ab5137b4478f2c1200022c12fc8,,internal
NRG-MAN-GOLD-0202,Data Engineering Manual — New York #202,manual,Data Engineering,New York,1.0,approved,2026-05-14,,raw/2026/manuals/202-manual-new-york.md,10012e1aeaebbc09d4885f7e79e9cacf80e2b19f9b000a792b10af0bc0c8517c,,internal
NRG-ANN-GOLD-0203,Cloud Operations Store Announcement — Florida #203,store_announcement,Cloud Operations,Florida,1.0,approved,2026-06-15,,raw/2026/announcements/203-store_announcement-florida.md,4ec559190a7240ad940ea0453fcad7d0cbe8ca9719605432ca35da0f43442ea3,,internal
NRG-POL-GOLD-0204,Customer Experience Policy — North Carolina #204,policy,Customer Experience,North Carolina,1.0,approved,2026-01-16,,raw/2026/policies/204-policy-north-carolina.md,051fe3b5109728643659b4de4c595f97aec8692e3d164e9110ab070bd732e01a,,internal
NRG-SOP-GOLD-0205,Legal Procedure — Illinois #205,procedure,Legal,Illinois,1.0,approved,2026-02-17,,raw/2026/procedures/205-procedure-illinois.md,fd303ab6157b408c907c3d7ea364290e40ee385a10a263fa173710068556671d,,internal
NRG-RPT-GOLD-0206,Merchandising Report — Washington #206,report,Merchandising,Washington,1.0,approved,2026-03-18,,raw/2026/reports/206-report-washington.md,1d1e9223c69150476055f30f319250b2d6f586423bd324cc11b4ea92e14647b5,,internal
NRG-RBK-GOLD-0207,Marketing Runbook — Georgia #207,runbook,Marketing,Georgia,1.0,approved,2026-04-19,,raw/2026/runbooks/207-runbook-georgia.md,0280e948c3ab3761bd2ca5bca5988d77d248c2114430b75e02223bfaea8baf17,,internal
NRG-MAN-GOLD-0208,Store Operations Manual — Arizona #208,manual,Store Operations,Arizona,1.0,approved,2026-05-20,,raw/2026/manuals/208-manual-arizona.md,524009ef5992f6369d8e29a960a5bdefac7aef92472e8dfa9e50c924d7a4c369,,internal
NRG-ANN-GOLD-0209,Compliance Store Announcement — Colorado #209,store_announcement,Compliance,Colorado,1.0,approved,2026-06-21,,raw/2026/announcements/209-store_announcement-colorado.md,8909c1a4b4dba253eb0468d6b8db2019f8108a38a4bbeca89eac6a438b0f7e46,,internal
NRG-POL-GOLD-0210,Sales Policy — California #210,policy,Sales,California,1.0,approved,2026-01-22,,raw/2026/policies/210-policy-california.md,7f462d640ce78a0f67d92afb57040e6235846ac16e1efb4729e9b64b815fde9e,,internal
NRG-SOP-GOLD-0211,Supply Chain Procedure — Texas #211,procedure,Supply Chain,Texas,1.0,approved,2026-02-23,,raw/2026/procedures/211-procedure-texas.md,339df8e40bc8938a5431675796374492b486c87d4de174a21edc63ce40f5eaaf,,internal
NRG-RPT-GOLD-0212,Procurement Report — New York #212,report,Procurement,New York,1.0,approved,2026-03-24,,raw/2026/reports/212-report-new-york.md,607b4d4d2d88a2632c23541b568becb45403fecba6bfc098320970ba90058636,,internal
NRG-RBK-GOLD-0213,Finance Runbook — Florida #213,runbook,Finance,Florida,1.0,approved,2026-04-25,,raw/2026/runbooks/213-runbook-florida.md,41f4f8940fd387ef2047f320a94ae5e8c10fdf144233b90ad14f1f3f6d48a755,,internal
NRG-MAN-GOLD-0214,HR Manual — North Carolina #214,manual,HR,North Carolina,1.0,approved,2026-05-26,,raw/2026/manuals/214-manual-north-carolina.md,ce1f951b074dd64141172b296f05299214a02b9d7612131a5decf2857f416c5f,,internal
NRG-ANN-GOLD-0215,Information Security Store Announcement — Illinois #215,store_announcement,Information Security,Illinois,1.0,approved,2026-06-27,,raw/2026/announcements/215-store_announcement-illinois.md,38730e6b00075313b9a33a96eadb5c994f46ff8a087426fb91f23b8aa2bc4d75,,internal
NRG-POL-GOLD-0216,Data Engineering Policy — Washington #216,policy,Data Engineering,Washington,1.0,approved,2026-01-01,,raw/2026/policies/216-policy-washington.md,88e179cf3aa8c2d0f0f995029f2d4cca26e9b095fea540297a7bd164bf088437,,internal
NRG-SOP-GOLD-0217,Cloud Operations Procedure — Georgia #217,procedure,Cloud Operations,Georgia,1.0,approved,2026-02-02,,raw/2026/procedures/217-procedure-georgia.md,7fba09e18dbf642a84540f764fb62587262ed0f2ca6e568036b22f3fd5089579,,internal
NRG-RPT-GOLD-0218,Customer Experience Report — Arizona #218,report,Customer Experience,Arizona,1.0,approved,2026-03-03,,raw/2026/reports/218-report-arizona.md,779a5cd478dc4939af40fa5dec3e3e608671bfa636a37ebfed174340e9fcbfd1,,internal
NRG-RBK-GOLD-0219,Legal Runbook — Colorado #219,runbook,Legal,Colorado,1.0,approved,2026-04-04,,raw/2026/runbooks/219-runbook-colorado.md,1936e44467e7ed07d857f63537528b866a5698553412e331921100d75c800f4a,,internal
NRG-MAN-GOLD-0220,Merchandising Manual — California #220,manual,Merchandising,California,1.0,approved,2026-05-05,,raw/2026/manuals/220-manual-california.md,29bbf848e568e947cfc64810152adb878a0aafcfcec620c9970e63d19539699a,,internal
NRG-ANN-GOLD-0221,Marketing Store Announcement — Texas #221,store_announcement,Marketing,Texas,1.0,approved,2026-06-06,,raw/2026/announcements/221-store_announcement-texas.md,053bcfa57fd804cc2422475e426b33ddcd0a31e5200e8631dea39a7f5c5586d8,,internal
NRG-POL-GOLD-0222,Store Operations Policy — New York #222,policy,Store Operations,New York,1.0,approved,2026-01-07,,raw/2026/policies/222-policy-new-york.md,7201a9488720bdf674578aeaef882c1c4cc6126826b3708760a9ff4adcc08913,,internal
NRG-SOP-GOLD-0223,Compliance Procedure — Florida #223,procedure,Compliance,Florida,1.0,approved,2026-02-08,,raw/2026/procedures/223-procedure-florida.md,b2606238c27bca8744f908edbb60f22e459b87ff6e52a3dfc2c14d130be5df62,,internal
NRG-RPT-GOLD-0224,Sales Report — North Carolina #224,report,Sales,North Carolina,1.0,approved,2026-03-09,,raw/2026/reports/224-report-north-carolina.md,7d8a34bdd0b25d3dfb7364e034645b68c945921ee8a0b07090d76f3a82493cd9,,internal
NRG-RBK-GOLD-0225,Supply Chain Runbook — Illinois #225,runbook,Supply Chain,Illinois,1.0,approved,2026-04-10,,raw/2026/runbooks/225-runbook-illinois.md,01624a514b16bd85057dc90c11b77896d5adf298d289bff9ffe089e8f4226d2d,,internal
NRG-MAN-GOLD-0226,Procurement Manual — Washington #226,manual,Procurement,Washington,1.0,approved,2026-05-11,,raw/2026/manuals/226-manual-washington.md,6d51091844d1bf4793ca4d38394ca83d8ab288174c88c87465db27d4549770f2,,internal
NRG-ANN-GOLD-0227,Finance Store Announcement — Georgia #227,store_announcement,Finance,Georgia,1.0,approved,2026-06-12,,raw/2026/announcements/227-store_announcement-georgia.md,2189b196cfba0c9d5b3cae20d0433cb7d8b7ab7cd97a7e7fa799b4ca8e743c11,,internal
NRG-POL-GOLD-0228,HR Policy — Arizona #228,policy,HR,Arizona,1.0,approved,2026-01-13,,raw/2026/policies/228-policy-arizona.md,cd5d737c5662d495d029181929dda208e5841811d052f7d3dfa0f30414d8aee0,,internal
NRG-SOP-GOLD-0229,Information Security Procedure — Colorado #229,procedure,Information Security,Colorado,1.0,approved,2026-02-14,,raw/2026/procedures/229-procedure-colorado.md,47eaa2f7094ab017168a092ae5d7da9560946df4b03c1ae9024728db1b9b8427,,internal
NRG-RPT-GOLD-0230,Data Engineering Report — California #230,report,Data Engineering,California,1.0,approved,2026-03-15,,raw/2026/reports/230-report-california.md,2e4cd60eb288aad7eda24327f932df2fea1c6ebe8a148c35d680a12c1ccf6eb4,,internal
NRG-RBK-GOLD-0231,Cloud Operations Runbook — Texas #231,runbook,Cloud Operations,Texas,1.0,approved,2026-04-16,,raw/2026/runbooks/231-runbook-texas.md,5cdbb4e83e7c86ebb98fcac822dfe8e25f5e8079c813f11a0971c798f86c55c1,,internal
NRG-MAN-GOLD-0232,Customer Experience Manual — New York #232,manual,Customer Experience,New York,1.0,approved,2026-05-17,,raw/2026/manuals/232-manual-new-york.md,cebd8b8b66031ca0dd0934e4d5dd30388801ff7d7c6b8873a5f398c9009ea2a1,,internal
NRG-ANN-GOLD-0233,Legal Store Announcement — Florida #233,store_announcement,Legal,Florida,1.0,approved,2026-06-18,,raw/2026/announcements/233-store_announcement-florida.md,0819c940a13f8a98a9928c019876936acd5887615c7188f33a3f90fce8691835,,internal
NRG-POL-GOLD-0234,Merchandising Policy — North Carolina #234,policy,Merchandising,North Carolina,1.0,approved,2026-01-19,,raw/2026/policies/234-policy-north-carolina.md,47613425824d9c2cbbe6bd7c4e4f957ff0823558abbd2092d2141242faefb0ba,,internal
NRG-SOP-GOLD-0235,Marketing Procedure — Illinois #235,procedure,Marketing,Illinois,1.0,approved,2026-02-20,,raw/2026/procedures/235-procedure-illinois.md,5cfb83f24bd525ecb5286e1c1d7acb45bc21a6231b148b843de55bd5e0e87559,,internal
NRG-RPT-GOLD-0236,Store Operations Report — Washington #236,report,Store Operations,Washington,1.0,approved,2026-03-21,,raw/2026/reports/236-report-washington.md,05ae94c8abbd7b2c63f31926749a291d0b1b6d132a5b36e84dbc6e844a008db0,,internal
NRG-RBK-GOLD-0237,Compliance Runbook — Georgia #237,runbook,Compliance,Georgia,1.0,approved,2026-04-22,,raw/2026/runbooks/237-runbook-georgia.md,544033a02d97105ac14c69d3eebbd318e01d8d08aed84a7a6b38c5ae8e7a6fde,,internal
NRG-MAN-GOLD-0238,Sales Manual — Arizona #238,manual,Sales,Arizona,1.0,approved,2026-05-23,,raw/2026/manuals/238-manual-arizona.md,d5001a004d740863024d7a2585c53392dcc6feda786bebfc6810681255c3b9ca,,internal
NRG-ANN-GOLD-0239,Supply Chain Store Announcement — Colorado #239,store_announcement,Supply Chain,Colorado,1.0,approved,2026-06-24,,raw/2026/announcements/239-store_announcement-colorado.md,92608ea9e51758b2715a4cf11d5524695915e43e63f5235c55aa6dbb6f06c78b,,internal
NRG-POL-GOLD-0240,Procurement Policy — California #240,policy,Procurement,California,1.0,approved,2026-01-25,,raw/2026/policies/240-policy-california.md,c5652ce3322251263a7b015d73bdbec4d6546856087906d52c95b47dc8f498fa,,internal
NRG-SOP-GOLD-0241,Finance Procedure — Texas #241,procedure,Finance,Texas,1.0,approved,2026-02-26,,raw/2026/procedures/241-procedure-texas.md,78cfc1d16b01ff150c47ac399a05e409c30abf421526fc3dffaa4b2813e84d3e,,internal
NRG-RPT-GOLD-0242,HR Report — New York #242,report,HR,New York,1.0,approved,2026-03-27,,raw/2026/reports/242-report-new-york.md,8eff459e690976e4edf2e288870e5bca1bbc5332f21518b414d17b0180520b8b,,internal
NRG-RBK-GOLD-0243,Information Security Runbook — Florida #243,runbook,Information Security,Florida,1.0,approved,2026-04-01,,raw/2026/runbooks/243-runbook-florida.md,578c67ad3ccd436d8681023e57347c7607d091c8daae4206765032640ca36fde,,internal
NRG-MAN-GOLD-0244,Data Engineering Manual — North Carolina #244,manual,Data Engineering,North Carolina,1.0,approved,2026-05-02,,raw/2026/manuals/244-manual-north-carolina.md,d20c0b09cd580194ffd738422059e32527a6c54b0dfb3d686a127de3e5d18764,,internal
NRG-ANN-GOLD-0245,Cloud Operations Store Announcement — Illinois #245,store_announcement,Cloud Operations,Illinois,1.0,approved,2026-06-03,,raw/2026/announcements/245-store_announcement-illinois.md,bd2bdfd231823eeec0acfc704e1e9f442cf74b62efe776eacb57a857e9929d63,,internal
NRG-POL-GOLD-0246,Customer Experience Policy — Washington #246,policy,Customer Experience,Washington,1.0,approved,2026-01-04,,raw/2026/policies/246-policy-washington.md,1673c2901de11613411a2c080b970f2fa49819f1c8d3dc71523efda00281cdbf,,internal
NRG-SOP-GOLD-0247,Legal Procedure — Georgia #247,procedure,Legal,Georgia,1.0,approved,2026-02-05,,raw/2026/procedures/247-procedure-georgia.md,e193981cda6f12fb278b9ab65fbcb33158f190761c022295ec7b417298aa01fb,,internal
NRG-RPT-GOLD-0248,Merchandising Report — Arizona #248,report,Merchandising,Arizona,1.0,approved,2026-03-06,,raw/2026/reports/248-report-arizona.md,c6aac7ca444b5f1b5ee4bce4b80ab0def45ecfab90b69a38b0f15055453655b2,,internal
NRG-RBK-GOLD-0249,Marketing Runbook — Colorado #249,runbook,Marketing,Colorado,1.0,approved,2026-04-07,,raw/2026/runbooks/249-runbook-colorado.md,607440cf2db9a8d76c4fc16af0b9a6556171c349cab6f517476b9876b36380a9,,internal
NRG-MAN-GOLD-0250,Store Operations Manual — California #250,manual,Store Operations,California,1.0,approved,2026-05-08,,raw/2026/manuals/250-manual-california.md,516060279ef53db78d498fdf9c9f6d3e6312aa9a0e172d8abafde0e017544f7f,,internal
NRG-ANN-GOLD-0251,Compliance Store Announcement — Texas #251,store_announcement,Compliance,Texas,1.0,approved,2026-06-09,,raw/2026/announcements/251-store_announcement-texas.md,0996604bb4a9eff3fa93e1ea10d4d40576975ae7bca0d94c28e85b47ae6d0a11,,internal
NRG-POL-GOLD-0252,Sales Policy — New York #252,policy,Sales,New York,1.0,approved,2026-01-10,,raw/2026/policies/252-policy-new-york.md,0ec0f8d7bbeca05f0764511dbdc5a6987de064f43de1b8c2ee7a27d42fb584a9,,internal
NRG-SOP-GOLD-0253,Supply Chain Procedure — Florida #253,procedure,Supply Chain,Florida,1.0,approved,2026-02-11,,raw/2026/procedures/253-procedure-florida.md,72f9855c5cbe8f7f57e9f8f9353726c9a3adc057b0c38ff5cf45285483d4fd2b,,internal
NRG-RPT-GOLD-0254,Procurement Report — North Carolina #254,report,Procurement,North Carolina,1.0,approved,2026-03-12,,raw/2026/reports/254-report-north-carolina.md,37966ba9e1b06f4ce85343d35776d3a8589d4a03af384af8f822f91e0b29ec7b,,internal
NRG-RBK-GOLD-0255,Finance Runbook — Illinois #255,runbook,Finance,Illinois,1.0,approved,2026-04-13,,raw/2026/runbooks/255-runbook-illinois.md,f3f5b0d35bebda4fcff5a787eb82ce7be4c6748afbec9fdb39a1c5381c6742a3,,internal
NRG-MAN-GOLD-0256,HR Manual — Washington #256,manual,HR,Washington,1.0,approved,2026-05-14,,raw/2026/manuals/256-manual-washington.md,ed0cda96cda62ee8952dba5f101cb57adbd74ea2c9828623ca3174cd47f31208,,internal
NRG-ANN-GOLD-0257,Information Security Store Announcement — Georgia #257,store_announcement,Information Security,Georgia,1.0,approved,2026-06-15,,raw/2026/announcements/257-store_announcement-georgia.md,206286d2ea3b22f8347d7ae57e61249a2755ba59fff578e878d9b8d3e7af9856,,internal
NRG-POL-GOLD-0258,Data Engineering Policy — Arizona #258,policy,Data Engineering,Arizona,1.0,approved,2026-01-16,,raw/2026/policies/258-policy-arizona.md,6ef60d64bae7a373be85d86440a675ce43062a8b18824ed31cbcaa0f37a41f33,,internal
NRG-SOP-GOLD-0259,Cloud Operations Procedure — Colorado #259,procedure,Cloud Operations,Colorado,1.0,approved,2026-02-17,,raw/2026/procedures/259-procedure-colorado.md,01bcf7dbf1d2347e8eced394c8403d3ec02ebfc266983ed28237b52bd170286a,,internal
NRG-RPT-GOLD-0260,Customer Experience Report — California #260,report,Customer Experience,California,1.0,approved,2026-03-18,,raw/2026/reports/260-report-california.md,579463bf831d90d6a6aa2b58b5130922eae2b7c866a435ad4f0e35dbdd406292,,internal
NRG-RBK-GOLD-0261,Legal Runbook — Texas #261,runbook,Legal,Texas,1.0,approved,2026-04-19,,raw/2026/runbooks/261-runbook-texas.md,f2779b716376462a49bb10a5568ce267eb32d11d6526bbeb5d41554ae04e5234,,internal
NRG-MAN-GOLD-0262,Merchandising Manual — New York #262,manual,Merchandising,New York,1.0,approved,2026-05-20,,raw/2026/manuals/262-manual-new-york.md,dc8bca62145d594dccc8f91db95cdca9d997c045d115a37a37897e559129ab5d,,internal
NRG-ANN-GOLD-0263,Marketing Store Announcement — Florida #263,store_announcement,Marketing,Florida,1.0,approved,2026-06-21,,raw/2026/announcements/263-store_announcement-florida.md,d9d38a3e23645d24105d0ef5d754e755e0ca6a3be38a2655e7baa49b0c6ca2d6,,internal
NRG-POL-GOLD-0264,Store Operations Policy — North Carolina #264,policy,Store Operations,North Carolina,1.0,approved,2026-01-22,,raw/2026/policies/264-policy-north-carolina.md,96fd459d77e9ee6a5779886f448d683391de93a85dae6a719ccd428c0697c7e3,,internal
NRG-SOP-GOLD-0265,Compliance Procedure — Illinois #265,procedure,Compliance,Illinois,1.0,approved,2026-02-23,,raw/2026/procedures/265-procedure-illinois.md,e77f205b2096e0dd89ad448410ea4cf2239a8477494ef16064ce8e412cad6ac4,,internal
NRG-RPT-GOLD-0266,Sales Report — Washington #266,report,Sales,Washington,1.0,approved,2026-03-24,,raw/2026/reports/266-report-washington.md,8e993aefa002374ab31179db20bbdd6b7384e2d54a9a19c4e3861da3535267cb,,internal
NRG-RBK-GOLD-0267,Supply Chain Runbook — Georgia #267,runbook,Supply Chain,Georgia,1.0,approved,2026-04-25,,raw/2026/runbooks/267-runbook-georgia.md,4360db258781ddf260a6ed6161414d5ecf225b4f3a2bdcac9c448faf127f7298,,internal
NRG-MAN-GOLD-0268,Procurement Manual — Arizona #268,manual,Procurement,Arizona,1.0,approved,2026-05-26,,raw/2026/manuals/268-manual-arizona.md,521657f654c6eb5dffa445379482afa10cb0ebf6a1b1c29b106d0b5888ecf30b,,internal
NRG-ANN-GOLD-0269,Finance Store Announcement — Colorado #269,store_announcement,Finance,Colorado,1.0,approved,2026-06-27,,raw/2026/announcements/269-store_announcement-colorado.md,b30d37a3ed7146fccb99c256de110c04b43c6a129a311258a732d0f16ebb56b5,,internal
NRG-POL-GOLD-0270,HR Policy — California #270,policy,HR,California,1.0,approved,2026-01-01,,raw/2026/policies/270-policy-california.md,29418d74943c041727c60bfdc51af396dae3cfa24d6cc609f89762bafbe974bf,,internal
NRG-SOP-GOLD-0271,Information Security Procedure — Texas #271,procedure,Information Security,Texas,1.0,approved,2026-02-02,,raw/2026/procedures/271-procedure-texas.md,571c5854db5414fc463278c093df4af892786b4bda2b9bc5e99f465d7a31347d,,internal
NRG-RPT-GOLD-0272,Data Engineering Report — New York #272,report,Data Engineering,New York,1.0,approved,2026-03-03,,raw/2026/reports/272-report-new-york.md,2c694f4fe7e6f5a85699af4adac390fd83a5e991a33023a66d0184510bfbc956,,internal
NRG-RBK-GOLD-0273,Cloud Operations Runbook — Florida #273,runbook,Cloud Operations,Florida,1.0,approved,2026-04-04,,raw/2026/runbooks/273-runbook-florida.md,faf02caaaac950ebeda0dcd7c42c5738cf45ffad8f4849b3c33cd286ac7693c9,,internal
NRG-MAN-GOLD-0274,Customer Experience Manual — North Carolina #274,manual,Customer Experience,North Carolina,1.0,approved,2026-05-05,,raw/2026/manuals/274-manual-north-carolina.md,63f2316ba0a62aa33080c1f279f99ef33c06c31698bdd4edf11abbf84eb1ed41,,internal
NRG-ANN-GOLD-0275,Legal Store Announcement — Illinois #275,store_announcement,Legal,Illinois,1.0,approved,2026-06-06,,raw/2026/announcements/275-store_announcement-illinois.md,bdad165980fa26d551814625ea6adb1df8697fe8744594b8460384cdb4ba8e95,,internal
NRG-POL-GOLD-0276,Merchandising Policy — Washington #276,policy,Merchandising,Washington,1.0,approved,2026-01-07,,raw/2026/policies/276-policy-washington.md,c9fd9b7e57155026274cd3b4c4213346132d735723354e5da15e357a3dc28aef,,internal
NRG-SOP-GOLD-0277,Marketing Procedure — Georgia #277,procedure,Marketing,Georgia,1.0,approved,2026-02-08,,raw/2026/procedures/277-procedure-georgia.md,450b0523ddedd885ad45fcb29b5ff3ef5e6a7c56fa82cb4933dd79a3f2d832b5,,internal
NRG-RPT-GOLD-0278,Store Operations Report — Arizona #278,report,Store Operations,Arizona,1.0,approved,2026-03-09,,raw/2026/reports/278-report-arizona.md,fe6fb385a57acd3f8d32bdac9e9e3383b952a79e688a65c325c971825ba6d053,,internal
NRG-RBK-GOLD-0279,Compliance Runbook — Colorado #279,runbook,Compliance,Colorado,1.0,approved,2026-04-10,,raw/2026/runbooks/279-runbook-colorado.md,3b36c28ccaf0d9c12c48fd1a871bb2591418da836d866d27ae6eb838947793d6,,internal
NRG-MAN-GOLD-0280,Sales Manual — California #280,manual,Sales,California,1.0,approved,2026-05-11,,raw/2026/manuals/280-manual-california.md,fdd366ec93372ac6d4b5a4c2a39b30f1570cd5e2ea4829d3062e0b0d83a0899f,,internal
NRG-ANN-GOLD-0281,Supply Chain Store Announcement — Texas #281,store_announcement,Supply Chain,Texas,1.0,approved,2026-06-12,,raw/2026/announcements/281-store_announcement-texas.md,770bb049ae0bead7599c9acc0a2752a13eba548c3e67499f98b362198db72bba,,internal
NRG-POL-GOLD-0282,Procurement Policy — New York #282,policy,Procurement,New York,1.0,approved,2026-01-13,,raw/2026/policies/282-policy-new-york.md,7c81cfb88e80ab04f93fd7861b608bee90b01d77f7775ffe1f1845cb26c1ec96,,internal
NRG-SOP-GOLD-0283,Finance Procedure — Florida #283,procedure,Finance,Florida,1.0,approved,2026-02-14,,raw/2026/procedures/283-procedure-florida.md,f798814f1c420394a92feb135c9c7ff68e726ada44478d33fb6db11e0d017f09,,internal
NRG-RPT-GOLD-0284,HR Report — North Carolina #284,report,HR,North Carolina,1.0,approved,2026-03-15,,raw/2026/reports/284-report-north-carolina.md,601d7b173f03d33f1d44ff9db694a29e5748c150275a9f6cf517b0ba5b42367b,,internal
NRG-RBK-GOLD-0285,Information Security Runbook — Illinois #285,runbook,Information Security,Illinois,1.0,approved,2026-04-16,,raw/2026/runbooks/285-runbook-illinois.md,6d8f3d380adbb77ab318971d3eeba8010d4b96b1a224e2aee05b394995625edd,,internal
NRG-MAN-GOLD-0286,Data Engineering Manual — Washington #286,manual,Data Engineering,Washington,1.0,approved,2026-05-17,,raw/2026/manuals/286-manual-washington.md,5226993aef8bbe942b22549e5fa8822467cf6f0a85143a1d05b58da94dbe46be,,internal
NRG-ANN-GOLD-0287,Cloud Operations Store Announcement — Georgia #287,store_announcement,Cloud Operations,Georgia,1.0,approved,2026-06-18,,raw/2026/announcements/287-store_announcement-georgia.md,9d2a21d3c0e43b3a6e370ffb6415bc3a5573f94d5755dcd14b0cd9ef3f17ac79,,internal
NRG-POL-GOLD-0288,Customer Experience Policy — Arizona #288,policy,Customer Experience,Arizona,1.0,approved,2026-01-19,,raw/2026/policies/288-policy-arizona.md,ebdf8b667c4d28dc1f1e7b83b785d67e5b252beddbca9601700d90edf52ce9ce,,internal
NRG-SOP-GOLD-0289,Legal Procedure — Colorado #289,procedure,Legal,Colorado,1.0,approved,2026-02-20,,raw/2026/procedures/289-procedure-colorado.md,154391a46201140ec263f8081b924c660568aa57b9534ffbf4efac94054d5014,,internal
NRG-RPT-GOLD-0290,Merchandising Report — California #290,report,Merchandising,California,1.0,approved,2026-03-21,,raw/2026/reports/290-report-california.md,43b37ac90f8fa4ba0101b29c19cba790a9d6a3442dcb8e325a8205174979fe50,,internal
NRG-RBK-GOLD-0291,Marketing Runbook — Texas #291,runbook,Marketing,Texas,1.0,approved,2026-04-22,,raw/2026/runbooks/291-runbook-texas.md,c69173abcb7ca36349003f168a73d58d22e49f184a87985cd5f76e1380792437,,internal
NRG-MAN-GOLD-0292,Store Operations Manual — New York #292,manual,Store Operations,New York,1.0,approved,2026-05-23,,raw/2026/manuals/292-manual-new-york.md,6148d7e978099c95cc682c15102a104b0baf74c8439b3f490dc49ac098312146,,internal
NRG-ANN-GOLD-0293,Compliance Store Announcement — Florida #293,store_announcement,Compliance,Florida,1.0,approved,2026-06-24,,raw/2026/announcements/293-store_announcement-florida.md,95ecf3f49874deda5ce0d0ff0a63f3af4e31c98323863103e58e8c8439cb550f,,internal
NRG-POL-GOLD-0294,Sales Policy — North Carolina #294,policy,Sales,North Carolina,1.0,approved,2026-01-25,,raw/2026/policies/294-policy-north-carolina.md,4f1a37e82190e06cfe5daa388dda9949dcdb25166d4d61d9969242a8b0b1a08c,,internal
NRG-SOP-GOLD-0295,Supply Chain Procedure — Illinois #295,procedure,Supply Chain,Illinois,1.0,approved,2026-02-26,,raw/2026/procedures/295-procedure-illinois.md,fe8c6a568d4793426ac093e2c06dde515f1a48b3826075bd038334cdc5b9866a,,internal
NRG-RPT-GOLD-0296,Procurement Report — Washington #296,report,Procurement,Washington,1.0,approved,2026-03-27,,raw/2026/reports/296-report-washington.md,be9eb91097ab11f59acd8b96b935373beabcfddbf448aadb6ea4cde50234ef11,,internal
NRG-RBK-GOLD-0297,Finance Runbook — Georgia #297,runbook,Finance,Georgia,1.0,approved,2026-04-01,,raw/2026/runbooks/297-runbook-georgia.md,97864871ce52bba41bae642ed7e062a1850cd75cd56cdd79ee60fe022d938b9b,,internal
NRG-MAN-GOLD-0298,HR Manual — Arizona #298,manual,HR,Arizona,1.0,approved,2026-05-02,,raw/2026/manuals/298-manual-arizona.md,83e848d60a9e6e4fb9e4b6007b068a5cd123c04125108aadedc6a4e3dd198094,,internal
NRG-ANN-GOLD-0299,Information Security Store Announcement — Colorado #299,store_announcement,Information Security,Colorado,1.0,approved,2026-06-03,,raw/2026/announcements/299-store_announcement-colorado.md,d86e88c2d096ba1f8be1f8411f16c3965d597e7fddeaf7848b92fd26900c7134,,internal
NRG-POL-GOLD-0300,Data Engineering Policy — California #300,policy,Data Engineering,California,1.0,approved,2026-01-04,,raw/2026/policies/300-policy-california.md,72da6912dce1f4f943b93dc6421d6f35efd8ff91f4134d194834d1f89d533ecf,,internal
NRG-SOP-GOLD-0301,Cloud Operations Procedure — Texas #301,procedure,Cloud Operations,Texas,1.0,approved,2026-02-05,,raw/2026/procedures/301-procedure-texas.md,a213b0cd51be28696ddc087fdc5869f4468d16a1d6064017994324ef853d9fd8,,internal
NRG-RPT-GOLD-0302,Customer Experience Report — New York #302,report,Customer Experience,New York,1.0,approved,2026-03-06,,raw/2026/reports/302-report-new-york.md,77508bfad94c94ee55bf7a698c2067067438a12d85175696f6b5a758e021fe7d,,internal
NRG-RBK-GOLD-0303,Legal Runbook — Florida #303,runbook,Legal,Florida,1.0,approved,2026-04-07,,raw/2026/runbooks/303-runbook-florida.md,fe105ac54516b4ace93a6c5e29da4e7813a3ebfb0bb81c1c68be618034eb162b,,internal
NRG-MAN-GOLD-0304,Merchandising Manual — North Carolina #304,manual,Merchandising,North Carolina,1.0,approved,2026-05-08,,raw/2026/manuals/304-manual-north-carolina.md,d68f8279a181cf1ccfb230945f6410ee722958ef976346fdbb7884f947500aac,,internal
NRG-ANN-GOLD-0305,Marketing Store Announcement — Illinois #305,store_announcement,Marketing,Illinois,1.0,approved,2026-06-09,,raw/2026/announcements/305-store_announcement-illinois.md,5aa9c9f0a62e0a1b184267ababe46e9a2617cf7695545215633b395042ea005b,,internal
NRG-POL-GOLD-0306,Store Operations Policy — Washington #306,policy,Store Operations,Washington,1.0,approved,2026-01-10,,raw/2026/policies/306-policy-washington.md,011ad9e7e8e4a78744d7d2374e05e451337e68485e6cf96e3dd650c931947e77,,internal
NRG-SOP-GOLD-0307,Compliance Procedure — Georgia #307,procedure,Compliance,Georgia,1.0,approved,2026-02-11,,raw/2026/procedures/307-procedure-georgia.md,cb860495d7d1f482ffc2052936587bf02665b5e458afd718171f71b1eb7642fc,,internal
NRG-RPT-GOLD-0308,Sales Report — Arizona #308,report,Sales,Arizona,1.0,approved,2026-03-12,,raw/2026/reports/308-report-arizona.md,6155d77df24fc1a034b730f8106b92161b3fab178c6a9dd6829836ef1377952a,,internal
NRG-RBK-GOLD-0309,Supply Chain Runbook — Colorado #309,runbook,Supply Chain,Colorado,1.0,approved,2026-04-13,,raw/2026/runbooks/309-runbook-colorado.md,1d1deec83eb20615e7338254a08c5f6bf4948b11fae9ddb3ee35575f9ff56d90,,internal
NRG-MAN-GOLD-0310,Procurement Manual — California #310,manual,Procurement,California,1.0,approved,2026-05-14,,raw/2026/manuals/310-manual-california.md,f7bec5a2a16fee0ee31e54e86b5d33f75811851a8993300452862d72c515ca11,,internal
NRG-ANN-GOLD-0311,Finance Store Announcement — Texas #311,store_announcement,Finance,Texas,1.0,approved,2026-06-15,,raw/2026/announcements/311-store_announcement-texas.md,c14f2aac850565c9d83c57ff4cedeb9fe4a86c722c31167caac8e7b903b8dce9,,internal
NRG-POL-GOLD-0312,HR Policy — New York #312,policy,HR,New York,1.0,approved,2026-01-16,,raw/2026/policies/312-policy-new-york.md,4b7c50b42e9dadefd9608f03a91fa5611fcbb6814767290f0de5ffbbeaf136b8,,internal
NRG-SOP-GOLD-0313,Information Security Procedure — Florida #313,procedure,Information Security,Florida,1.0,approved,2026-02-17,,raw/2026/procedures/313-procedure-florida.md,dbf6b4da39bc092d7ea2b8b8b5507b6dd2b38ebdadb8b9e7aa9295f2a606f501,,internal
NRG-RPT-GOLD-0314,Data Engineering Report — North Carolina #314,report,Data Engineering,North Carolina,1.0,approved,2026-03-18,,raw/2026/reports/314-report-north-carolina.md,6bcf1ab5eacefe8b7556b2a5903f120f4d4950aad5f98e75fc9dc84e2ccaa2d7,,internal
NRG-RBK-GOLD-0315,Cloud Operations Runbook — Illinois #315,runbook,Cloud Operations,Illinois,1.0,approved,2026-04-19,,raw/2026/runbooks/315-runbook-illinois.md,01aa9c0c919e96069be9eb13595edf342524975ab0664f418bca51b0c07d7fc6,,internal
NRG-MAN-GOLD-0316,Customer Experience Manual — Washington #316,manual,Customer Experience,Washington,1.0,approved,2026-05-20,,raw/2026/manuals/316-manual-washington.md,7b84aa497c301394331bed53312b74def59b63949d3058227d40c51ed3112ccb,,internal
NRG-ANN-GOLD-0317,Legal Store Announcement — Georgia #317,store_announcement,Legal,Georgia,1.0,approved,2026-06-21,,raw/2026/announcements/317-store_announcement-georgia.md,1d8e8c632a7240cbfea7793e6fd516c09da0b282a1340838c34e99da7fb4e515,,internal
NRG-POL-GOLD-0318,Merchandising Policy — Arizona #318,policy,Merchandising,Arizona,1.0,approved,2026-01-22,,raw/2026/policies/318-policy-arizona.md,b9d1ec5e9ad7c9a394d65c6efc6c723f9337fd4b83fb9d15b65d89d7e1dfab07,,internal
NRG-SOP-GOLD-0319,Marketing Procedure — Colorado #319,procedure,Marketing,Colorado,1.0,approved,2026-02-23,,raw/2026/procedures/319-procedure-colorado.md,95f9bed2cd2f33c55eb252013dd85c1f5bf276743b630c07c2c500a871fc276e,,internal
NRG-RPT-GOLD-0320,Store Operations Report — California #320,report,Store Operations,California,1.0,approved,2026-03-24,,raw/2026/reports/320-report-california.md,c1d94e0bd233ff96499c598fd8f66f8a4c84dea37da763e5b60fbaa4c513651c,,internal
NRG-RBK-GOLD-0321,Compliance Runbook — Texas #321,runbook,Compliance,Texas,1.0,approved,2026-04-25,,raw/2026/runbooks/321-runbook-texas.md,b3978539799dbd19468dd2633c3959b17816194757a42bd160478bcb46900018,,internal
NRG-MAN-GOLD-0322,Sales Manual — New York #322,manual,Sales,New York,1.0,approved,2026-05-26,,raw/2026/manuals/322-manual-new-york.md,95fed110adb9dbcb5773a20124dfc58d4d780ea38e434c8c1df5608e8f4950a5,,internal
NRG-ANN-GOLD-0323,Supply Chain Store Announcement — Florida #323,store_announcement,Supply Chain,Florida,1.0,approved,2026-06-27,,raw/2026/announcements/323-store_announcement-florida.md,57878f1ec21257c4ead4ebdf3aede1320a11883b17da98b20bca6b3129d824bc,,internal
NRG-POL-GOLD-0324,Procurement Policy — North Carolina #324,policy,Procurement,North Carolina,1.0,approved,2026-01-01,,raw/2026/policies/324-policy-north-carolina.md,a303b1f23afca417ddb2da5ab904fd802c76bc3a4c46156652755a07b7f9b287,,internal
NRG-SOP-GOLD-0325,Finance Procedure — Illinois #325,procedure,Finance,Illinois,1.0,approved,2026-02-02,,raw/2026/procedures/325-procedure-illinois.md,314d9551b764ee65933d2a1c6878c4c676c0e01eb7d07d5929cfce691ee80141,,internal
NRG-RPT-GOLD-0326,HR Report — Washington #326,report,HR,Washington,1.0,approved,2026-03-03,,raw/2026/reports/326-report-washington.md,e4dbc80e16097b40034012265f735bad8d7858ba4e3c1b62d21dc2ec57f00d61,,internal
NRG-RBK-GOLD-0327,Information Security Runbook — Georgia #327,runbook,Information Security,Georgia,1.0,approved,2026-04-04,,raw/2026/runbooks/327-runbook-georgia.md,6ace5a19b2791fbb03af0f30de152e248eea1bffd03a5a0bd182a26f0b265f22,,internal
NRG-MAN-GOLD-0328,Data Engineering Manual — Arizona #328,manual,Data Engineering,Arizona,1.0,approved,2026-05-05,,raw/2026/manuals/328-manual-arizona.md,0f846df41fa4ea2a8e8b937e6d48b02131b89c3b88a4964117c44e2449b24d4f,,internal
NRG-ANN-GOLD-0329,Cloud Operations Store Announcement — Colorado #329,store_announcement,Cloud Operations,Colorado,1.0,approved,2026-06-06,,raw/2026/announcements/329-store_announcement-colorado.md,32c8a9d05e49c36923caaa3685173aec2288d7407a1db75238ecf94c2f9af25f,,internal
NRG-POL-GOLD-0330,Customer Experience Policy — California #330,policy,Customer Experience,California,1.0,approved,2026-01-07,,raw/2026/policies/330-policy-california.md,843b97c519405fc1c97fda42588d167b25070a619bb32bd2462a17662bfa5ed0,,internal
NRG-SOP-GOLD-0331,Legal Procedure — Texas #331,procedure,Legal,Texas,1.0,approved,2026-02-08,,raw/2026/procedures/331-procedure-texas.md,678961b524175a6ba7a07944919cc8cef66e2af16558c8913f2d87a447cb13e0,,internal
NRG-RPT-GOLD-0332,Merchandising Report — New York #332,report,Merchandising,New York,1.0,approved,2026-03-09,,raw/2026/reports/332-report-new-york.md,16408a3416cd172cc0dcacb002fa249c1db9438836d747da9f6364e181669dc5,,internal
NRG-RBK-GOLD-0333,Marketing Runbook — Florida #333,runbook,Marketing,Florida,1.0,approved,2026-04-10,,raw/2026/runbooks/333-runbook-florida.md,525803feffd057e0ecdbad42582abd6a54db6aff65ba6845dd61b084e04c866c,,internal
NRG-MAN-GOLD-0334,Store Operations Manual — North Carolina #334,manual,Store Operations,North Carolina,1.0,approved,2026-05-11,,raw/2026/manuals/334-manual-north-carolina.md,9e8a8fd8c884607b213700c6f1e020927c0f05862c97b82f67e7802097c24a27,,internal
NRG-ANN-GOLD-0335,Compliance Store Announcement — Illinois #335,store_announcement,Compliance,Illinois,1.0,approved,2026-06-12,,raw/2026/announcements/335-store_announcement-illinois.md,dcdc86c16a6a1e46dace580f3b9b7cc89792d4029ca6216dcd592c7b5d336320,,internal
NRG-POL-GOLD-0336,Sales Policy — Washington #336,policy,Sales,Washington,1.0,approved,2026-01-13,,raw/2026/policies/336-policy-washington.md,b940778a74397ce3dec76dc81bce6dccc643ed872e64a834c8cf781368d4a8ee,,internal
NRG-SOP-GOLD-0337,Supply Chain Procedure — Georgia #337,procedure,Supply Chain,Georgia,1.0,approved,2026-02-14,,raw/2026/procedures/337-procedure-georgia.md,77df6d059b868847cf6bf432cc03f00e1bf5e3ef7fa6a7245d166fb326161f76,,internal
NRG-RPT-GOLD-0338,Procurement Report — Arizona #338,report,Procurement,Arizona,1.0,approved,2026-03-15,,raw/2026/reports/338-report-arizona.md,e3e357f98523a8d6580b6f8b833d95454491904095a30575e1d9d3c196ae7a9c,,internal
NRG-RBK-GOLD-0339,Finance Runbook — Colorado #339,runbook,Finance,Colorado,1.0,approved,2026-04-16,,raw/2026/runbooks/339-runbook-colorado.md,2ce678b3afbd6db18307c2308538e546dac552a1e1226d67c4d6f020a27e9cd2,,internal
NRG-MAN-GOLD-0340,HR Manual — California #340,manual,HR,California,1.0,approved,2026-05-17,,raw/2026/manuals/340-manual-california.md,0094dcffb1bf1ab977ef9efe5cfee7820d30816dc16a3ff353c54b8f9ee9e6b9,,internal
NRG-ANN-GOLD-0341,Information Security Store Announcement — Texas #341,store_announcement,Information Security,Texas,1.0,approved,2026-06-18,,raw/2026/announcements/341-store_announcement-texas.md,f2ebbfb7b5b5a2ba7ad483bff23b950fa4f638868fbe55f4828f879497b28007,,internal
NRG-POL-GOLD-0342,Data Engineering Policy — New York #342,policy,Data Engineering,New York,1.0,approved,2026-01-19,,raw/2026/policies/342-policy-new-york.md,d6991d2fa2ea38fbc29f8f6b92147662da15f54a33d55d775edc0ac9cd8c52c5,,internal
NRG-SOP-GOLD-0343,Cloud Operations Procedure — Florida #343,procedure,Cloud Operations,Florida,1.0,approved,2026-02-20,,raw/2026/procedures/343-procedure-florida.md,2eebf8a0e69d5e14de46688f64993f154b36dce7f5c87f73058bc80308c1ded2,,internal
NRG-RPT-GOLD-0344,Customer Experience Report — North Carolina #344,report,Customer Experience,North Carolina,1.0,approved,2026-03-21,,raw/2026/reports/344-report-north-carolina.md,eb257336692adb78048ce83d6075f248b49ba1d5a8f30dcb9be3aac597d8ed71,,internal
NRG-RBK-GOLD-0345,Legal Runbook — Illinois #345,runbook,Legal,Illinois,1.0,approved,2026-04-22,,raw/2026/runbooks/345-runbook-illinois.md,0e4072a8eec802550102370cf8423a3c043b02b920a697c9ef5b8cf27a841efc,,internal
NRG-MAN-GOLD-0346,Merchandising Manual — Washington #346,manual,Merchandising,Washington,1.0,approved,2026-05-23,,raw/2026/manuals/346-manual-washington.md,6b8cabd6660fd55bd94daa3d0b63a306cf98799210323f67451ecb4ee36671b0,,internal
NRG-ANN-GOLD-0347,Marketing Store Announcement — Georgia #347,store_announcement,Marketing,Georgia,1.0,approved,2026-06-24,,raw/2026/announcements/347-store_announcement-georgia.md,430672ffaf9b84b7419f32d9f0b05ca978b690e1fc61931bc74c519418fe70ea,,internal
NRG-POL-GOLD-0348,Store Operations Policy — Arizona #348,policy,Store Operations,Arizona,1.0,approved,2026-01-25,,raw/2026/policies/348-policy-arizona.md,5f46557e1fef27040823bc7800408b20d8160f2494d6b18ecfcdb802c77a6660,,internal
NRG-SOP-GOLD-0349,Compliance Procedure — Colorado #349,procedure,Compliance,Colorado,1.0,approved,2026-02-26,,raw/2026/procedures/349-procedure-colorado.md,80cc59201890c570a27abf45c3b69886288e8ff6e4d94720ff440a946ee2deeb,,internal
NRG-RPT-GOLD-0350,Sales Report — California #350,report,Sales,California,1.0,approved,2026-03-27,,raw/2026/reports/350-report-california.md,d95a30db7402331aa679777ca68a4a835deae724fbc1c02c73b0723bd89cc163,,internal
NRG-RBK-GOLD-0351,Supply Chain Runbook — Texas #351,runbook,Supply Chain,Texas,1.0,approved,2026-04-01,,raw/2026/runbooks/351-runbook-texas.md,8dd73c8420ca860ec23cfd8840c22911efa1278e9e81b090621643955dcbeeff,,internal
NRG-MAN-GOLD-0352,Procurement Manual — New York #352,manual,Procurement,New York,1.0,approved,2026-05-02,,raw/2026/manuals/352-manual-new-york.md,5fa0e4a86ff623b315c64344d44e5afa2b94ffbf26840f7134a7c277037018e3,,internal
NRG-ANN-GOLD-0353,Finance Store Announcement — Florida #353,store_announcement,Finance,Florida,1.0,approved,2026-06-03,,raw/2026/announcements/353-store_announcement-florida.md,df34e7238a404c29054323b4679351e2316cb3fa82631bd3353b444f864341b8,,internal
NRG-POL-GOLD-0354,HR Policy — North Carolina #354,policy,HR,North Carolina,1.0,approved,2026-01-04,,raw/2026/policies/354-policy-north-carolina.md,74574668092cc992d147ecc478000edc2c2c7c4bb22ec5a0f8312e9d391d8df0,,internal
NRG-SOP-GOLD-0355,Information Security Procedure — Illinois #355,procedure,Information Security,Illinois,1.0,approved,2026-02-05,,raw/2026/procedures/355-procedure-illinois.md,f5662f73742fd6793ed6d3c9a21c8c60c82dd82a27f08f424395f32dc928fa5b,,internal
NRG-RPT-GOLD-0356,Data Engineering Report — Washington #356,report,Data Engineering,Washington,1.0,approved,2026-03-06,,raw/2026/reports/356-report-washington.md,77907c2b5fc61bfa1b82595740025dcff5dbf31bf59ac34240c10f5a791388f2,,internal
NRG-RBK-GOLD-0357,Cloud Operations Runbook — Georgia #357,runbook,Cloud Operations,Georgia,1.0,approved,2026-04-07,,raw/2026/runbooks/357-runbook-georgia.md,10752d4abf82cc3ad95c5ed81b87eb010918ce40c9c07b1ea8a1c0a5ae3e2de4,,internal
NRG-MAN-GOLD-0358,Customer Experience Manual — Arizona #358,manual,Customer Experience,Arizona,1.0,approved,2026-05-08,,raw/2026/manuals/358-manual-arizona.md,7d14f5c2ef4854b6dc37a5c30b20c7cc80055327df654036abe31b5e96a9f528,,internal
NRG-ANN-GOLD-0359,Legal Store Announcement — Colorado #359,store_announcement,Legal,Colorado,1.0,approved,2026-06-09,,raw/2026/announcements/359-store_announcement-colorado.md,7ffa959696a1e0e3c3ffbef56f9000ea30a30b67e8113d7e7cf1f8b1afda3992,,internal
NRG-POL-GOLD-0360,Merchandising Policy — California #360,policy,Merchandising,California,1.0,approved,2026-01-10,,raw/2026/policies/360-policy-california.md,25dd775bfdea9eb0fa317c7e3c2a73ad9c86489736ea59a2c07266eeac170922,,internal
NRG-SOP-GOLD-0361,Marketing Procedure — Texas #361,procedure,Marketing,Texas,1.0,approved,2026-02-11,,raw/2026/procedures/361-procedure-texas.md,b62f6b7e888bb8878585b527797450232ab06b8f3023b3a8ba9e138afe5e261e,,internal
NRG-RPT-GOLD-0362,Store Operations Report — New York #362,report,Store Operations,New York,1.0,approved,2026-03-12,,raw/2026/reports/362-report-new-york.md,0ac12572c7917c9596b901f84889c81c01b5be95cd50e179577b94a666989fbc,,internal
NRG-RBK-GOLD-0363,Compliance Runbook — Florida #363,runbook,Compliance,Florida,1.0,approved,2026-04-13,,raw/2026/runbooks/363-runbook-florida.md,d1f0bfe09eaaf9fb113eba22b69bf3526b8b545611be635583af724bd43939b1,,internal
NRG-MAN-GOLD-0364,Sales Manual — North Carolina #364,manual,Sales,North Carolina,1.0,approved,2026-05-14,,raw/2026/manuals/364-manual-north-carolina.md,a5f792990f231e288ba442419daaf09e597613b7160d34b037adc092724c49e8,,internal
NRG-ANN-GOLD-0365,Supply Chain Store Announcement — Illinois #365,store_announcement,Supply Chain,Illinois,1.0,approved,2026-06-15,,raw/2026/announcements/365-store_announcement-illinois.md,10cd9bf5b492769f2c09737658f1a4371feb3629cd9cb26e5aeff86ca1d1c47d,,internal
NRG-POL-GOLD-0366,Procurement Policy — Washington #366,policy,Procurement,Washington,1.0,approved,2026-01-16,,raw/2026/policies/366-policy-washington.md,4292130506b7c33d875895c3b3f7d31220ff4d9a7b9281a5287340188cd3e39c,,internal
NRG-SOP-GOLD-0367,Finance Procedure — Georgia #367,procedure,Finance,Georgia,1.0,approved,2026-02-17,,raw/2026/procedures/367-procedure-georgia.md,983e181cf6933a5002f93265e5ad3bf376e43513cb56ace61a8cd65e6a8189e8,,internal
NRG-RPT-GOLD-0368,HR Report — Arizona #368,report,HR,Arizona,1.0,approved,2026-03-18,,raw/2026/reports/368-report-arizona.md,412118709538bd3004f1bd447cad567a74571f52e2f62311867347c3263ba910,,internal
NRG-RBK-GOLD-0369,Information Security Runbook — Colorado #369,runbook,Information Security,Colorado,1.0,approved,2026-04-19,,raw/2026/runbooks/369-runbook-colorado.md,34e5f781dd699a3fe06a27cd04deae3e2457f48ccfd6e6c2e9b2a4263a5dc655,,internal
NRG-MAN-GOLD-0370,Data Engineering Manual — California #370,manual,Data Engineering,California,1.0,approved,2026-05-20,,raw/2026/manuals/370-manual-california.md,5d39cb732bad0e70317bd91dd3b5992f6cbab5f67ff84d1eef43c7e90248ee10,,internal
NRG-ANN-GOLD-0371,Cloud Operations Store Announcement — Texas #371,store_announcement,Cloud Operations,Texas,1.0,approved,2026-06-21,,raw/2026/announcements/371-store_announcement-texas.md,846c6421e10f82110f4a0c1d867ded67e688e2b75e0fa46565b51855ffc834b3,,internal
NRG-POL-GOLD-0372,Customer Experience Policy — New York #372,policy,Customer Experience,New York,1.0,approved,2026-01-22,,raw/2026/policies/372-policy-new-york.md,f69b5f206bced4bab0a89d70aa944c34dddd0c1672bc0f1acb2ffa459ff36631,,internal
NRG-SOP-GOLD-0373,Legal Procedure — Florida #373,procedure,Legal,Florida,1.0,approved,2026-02-23,,raw/2026/procedures/373-procedure-florida.md,a754f3950fe7214fbb057eacccc11729785bbd498fcda895ec7283df5e8424d2,,internal
NRG-RPT-GOLD-0374,Merchandising Report — North Carolina #374,report,Merchandising,North Carolina,1.0,approved,2026-03-24,,raw/2026/reports/374-report-north-carolina.md,dc4c98018a6628d238ddbac5e731497479b9e92670d4a99a5a3012c4fdc06207,,internal
NRG-RBK-GOLD-0375,Marketing Runbook — Illinois #375,runbook,Marketing,Illinois,1.0,approved,2026-04-25,,raw/2026/runbooks/375-runbook-illinois.md,6f2da0b2490291045fd275a596ea136ee6f0e2ad34f1a6b325fbcae4d4c196c5,,internal
NRG-MAN-GOLD-0376,Store Operations Manual — Washington #376,manual,Store Operations,Washington,1.0,approved,2026-05-26,,raw/2026/manuals/376-manual-washington.md,9d06d9010caea064fb8e59d67f7edf0f338b6e7a099d5b12910f944405cd6f4f,,internal
NRG-ANN-GOLD-0377,Compliance Store Announcement — Georgia #377,store_announcement,Compliance,Georgia,1.0,approved,2026-06-27,,raw/2026/announcements/377-store_announcement-georgia.md,10be999489acf8d1a2dea7f5dc2274e6f17a169784fb2b2fb427add4a114bd8b,,internal
NRG-POL-GOLD-0378,Sales Policy — Arizona #378,policy,Sales,Arizona,1.0,approved,2026-01-01,,raw/2026/policies/378-policy-arizona.md,0f0e156ef73d3ca272296f207c3bd80ac0ccfda0f12e2c80f33b276a8fe21fdb,,internal
NRG-SOP-GOLD-0379,Supply Chain Procedure — Colorado #379,procedure,Supply Chain,Colorado,1.0,approved,2026-02-02,,raw/2026/procedures/379-procedure-colorado.md,96d9a5a721b55672b255107b2b1476eff37b6bb738031071d93cb73b5c57f8fa,,internal
NRG-RPT-GOLD-0380,Procurement Report — California #380,report,Procurement,California,1.0,approved,2026-03-03,,raw/2026/reports/380-report-california.md,5f52906c1dcf06fa61f0438ef58c21bfc7fafd5adaeb0fe24fa7cb49f3cd27c1,,internal
NRG-RBK-GOLD-0381,Finance Runbook — Texas #381,runbook,Finance,Texas,1.0,approved,2026-04-04,,raw/2026/runbooks/381-runbook-texas.md,046058b546c905ae84a90a85e1c30837c1746f95f91b0c5e5e1d1ffc6f3fc465,,internal
NRG-MAN-GOLD-0382,HR Manual — New York #382,manual,HR,New York,1.0,approved,2026-05-05,,raw/2026/manuals/382-manual-new-york.md,da49cda0b5cebda4020f959ea4ea44df23b01aa018468aca6c817bc05e02115c,,internal
NRG-ANN-GOLD-0383,Information Security Store Announcement — Florida #383,store_announcement,Information Security,Florida,1.0,approved,2026-06-06,,raw/2026/announcements/383-store_announcement-florida.md,f22aeeaa2ae5224b9f3a97df52b93be0b77419f681f18257816f96c2f6902b9a,,internal
NRG-POL-GOLD-0384,Data Engineering Policy — North Carolina #384,policy,Data Engineering,North Carolina,1.0,approved,2026-01-07,,raw/2026/policies/384-policy-north-carolina.md,20da9da58cdd62a481869a6cf1407a11417f3a69698071a568966147da6e3aa7,,internal
NRG-SOP-GOLD-0385,Cloud Operations Procedure — Illinois #385,procedure,Cloud Operations,Illinois,1.0,approved,2026-02-08,,raw/2026/procedures/385-procedure-illinois.md,64fb3126d086db371032c21dd6478e6617f12c026e4007e84e04ff4c00a150fc,,internal
NRG-RPT-GOLD-0386,Customer Experience Report — Washington #386,report,Customer Experience,Washington,1.0,approved,2026-03-09,,raw/2026/reports/386-report-washington.md,12e4dcac96d00caccc73cf410af71652544762b0b7acec6fbbea93d7267f0836,,internal
NRG-RBK-GOLD-0387,Legal Runbook — Georgia #387,runbook,Legal,Georgia,1.0,approved,2026-04-10,,raw/2026/runbooks/387-runbook-georgia.md,70ea1e26b3005ea8271bbfa30530ad6fa0ff12ca4ea9f6395838172f1c8b4e3c,,internal
NRG-MAN-GOLD-0388,Merchandising Manual — Arizona #388,manual,Merchandising,Arizona,1.0,approved,2026-05-11,,raw/2026/manuals/388-manual-arizona.md,b3afd8436054a05d8db473f0e4e4c5e369a772a9eba5f179981b128f9f7f8995,,internal
NRG-ANN-GOLD-0389,Marketing Store Announcement — Colorado #389,store_announcement,Marketing,Colorado,1.0,approved,2026-06-12,,raw/2026/announcements/389-store_announcement-colorado.md,178916b246a646adc38b3b4319d01b56762ec21a70d8c7a3d465a576ae813970,,internal
NRG-POL-GOLD-0390,Store Operations Policy — California #390,policy,Store Operations,California,1.0,approved,2026-01-13,,raw/2026/policies/390-policy-california.md,221cbae9b5c2ef1baa00c1425dbeae3e5fa0760c7dedbc622858ae79b419360c,,internal
NRG-SOP-GOLD-0391,Compliance Procedure — Texas #391,procedure,Compliance,Texas,1.0,approved,2026-02-14,,raw/2026/procedures/391-procedure-texas.md,d5c0d299a6a0a2b813c4de794a92552c8afbc1a245ee600b5a5a4ce8fc0d1e7c,,internal
NRG-RPT-GOLD-0392,Sales Report — New York #392,report,Sales,New York,1.0,approved,2026-03-15,,raw/2026/reports/392-report-new-york.md,be9b78a100b294130d2eb3d5e92ecec0d6c19ad44b93c945c3a7442b88271bcc,,internal
NRG-RBK-GOLD-0393,Supply Chain Runbook — Florida #393,runbook,Supply Chain,Florida,1.0,approved,2026-04-16,,raw/2026/runbooks/393-runbook-florida.md,9e0f3264715086910af1a476f9baebfc7104bdfa1c2b52963119e88c6b01e95d,,internal
NRG-MAN-GOLD-0394,Procurement Manual — North Carolina #394,manual,Procurement,North Carolina,1.0,approved,2026-05-17,,raw/2026/manuals/394-manual-north-carolina.md,716e29bd0e11aa36c13f35969aeaab3e188c96d1187382379f58b88a028b3930,,internal
NRG-ANN-GOLD-0395,Finance Store Announcement — Illinois #395,store_announcement,Finance,Illinois,1.0,approved,2026-06-18,,raw/2026/announcements/395-store_announcement-illinois.md,2bb38c8eff92f5b76eb93fe1c2e57178eb073f79f0bc0271fda1612d910fbbed,,internal
NRG-POL-GOLD-0396,HR Policy — Washington #396,policy,HR,Washington,1.0,approved,2026-01-19,,raw/2026/policies/396-policy-washington.md,51fa4030496c4b603cd83d05cd74d4d6591753522619c318478350e68a94490a,,internal
NRG-SOP-GOLD-0397,Information Security Procedure — Georgia #397,procedure,Information Security,Georgia,1.0,approved,2026-02-20,,raw/2026/procedures/397-procedure-georgia.md,443a7a77b2551c89f523acde67a71d21b527ae9321ea13480307c94df9c13fe3,,internal
NRG-RPT-GOLD-0398,Data Engineering Report — Arizona #398,report,Data Engineering,Arizona,1.0,approved,2026-03-21,,raw/2026/reports/398-report-arizona.md,e197080be27e214371f662d22e69040a4b6ca2dede4be8fbd79c2be19243f8cd,,internal
NRG-RBK-GOLD-0399,Cloud Operations Runbook — Colorado #399,runbook,Cloud Operations,Colorado,1.0,approved,2026-04-22,,raw/2026/runbooks/399-runbook-colorado.md,4546293efb93f0cfa0b11c2e9af18e6e6b1fa0cbe4f0c15b7ac020065a0d7dd4,,internal
NRG-MAN-GOLD-0400,Customer Experience Manual — California #400,manual,Customer Experience,California,1.0,approved,2026-05-23,,raw/2026/manuals/400-manual-california.md,60f180ddf0eb74d936ce7c41e4c48ac3170cb38eff3c2d1ee77b2bfbcfadea26,,internal
NRG-ANN-GOLD-0401,Legal Store Announcement — Texas #401,store_announcement,Legal,Texas,1.0,approved,2026-06-24,,raw/2026/announcements/401-store_announcement-texas.md,a249cae78c936a73f2eda841d65c2b10518c80b4e472e8038077a9889a3f551a,,internal
NRG-POL-GOLD-0402,Merchandising Policy — New York #402,policy,Merchandising,New York,1.0,approved,2026-01-25,,raw/2026/policies/402-policy-new-york.md,7e98a80d8816369e5715fee1beb92677d37c6b8a31cb33ef2ffb29eb6ec10ce2,,internal
NRG-SOP-GOLD-0403,Marketing Procedure — Florida #403,procedure,Marketing,Florida,1.0,approved,2026-02-26,,raw/2026/procedures/403-procedure-florida.md,7bddaf47ad9bc8c95c92aa5ce56de73bc18b1ddcaa4e314b6c35e072a65e6d68,,internal
NRG-RPT-GOLD-0404,Store Operations Report — North Carolina #404,report,Store Operations,North Carolina,1.0,approved,2026-03-27,,raw/2026/reports/404-report-north-carolina.md,22739d87c7196e785091fe87721e55817bd41bc9fd57192be2ca24c4f4b6ccba,,internal
NRG-RBK-GOLD-0405,Compliance Runbook — Illinois #405,runbook,Compliance,Illinois,1.0,approved,2026-04-01,,raw/2026/runbooks/405-runbook-illinois.md,d5a5a5f8ea1888fe85ab8871ce7ea6427d146b1f83c9ba472b5f8f02928ac95a,,internal
NRG-MAN-GOLD-0406,Sales Manual — Washington #406,manual,Sales,Washington,1.0,approved,2026-05-02,,raw/2026/manuals/406-manual-washington.md,27a718da4bfb8fc4b4570d85b1d2f62cd8101f6c525461a4966a93ed873b7db7,,internal
NRG-ANN-GOLD-0407,Supply Chain Store Announcement — Georgia #407,store_announcement,Supply Chain,Georgia,1.0,approved,2026-06-03,,raw/2026/announcements/407-store_announcement-georgia.md,47b36e4db13496b9e8bec4ee7f7e1cc89689fcfb70f9ef96e2eb596b7555a8a6,,internal
NRG-POL-GOLD-0408,Procurement Policy — Arizona #408,policy,Procurement,Arizona,1.0,approved,2026-01-04,,raw/2026/policies/408-policy-arizona.md,ada94537e44ea56a494f1ee891751a298e2e6e969e580e14e1cb79d85a943291,,internal
NRG-SOP-GOLD-0409,Finance Procedure — Colorado #409,procedure,Finance,Colorado,1.0,approved,2026-02-05,,raw/2026/procedures/409-procedure-colorado.md,6fea665a6f78795df4e17de2d690b6fdc3053d79f86643d7c189a6b21f3b2ccc,,internal
NRG-RPT-GOLD-0410,HR Report — California #410,report,HR,California,1.0,approved,2026-03-06,,raw/2026/reports/410-report-california.md,e5185c078bce4db92b0979808d71bded123b597a3b0e048e3414a8630e565e3c,,internal
NRG-RBK-GOLD-0411,Information Security Runbook — Texas #411,runbook,Information Security,Texas,1.0,approved,2026-04-07,,raw/2026/runbooks/411-runbook-texas.md,69b85493892f218e202cd04b29c6f3202398c860f39f96868c248bafa03a0bee,,internal
NRG-MAN-GOLD-0412,Data Engineering Manual — New York #412,manual,Data Engineering,New York,1.0,approved,2026-05-08,,raw/2026/manuals/412-manual-new-york.md,ff74ba296a76041d20e6de13f64856cb16edf9b42aa94ce690327ef69e31b089,,internal
NRG-ANN-GOLD-0413,Cloud Operations Store Announcement — Florida #413,store_announcement,Cloud Operations,Florida,1.0,approved,2026-06-09,,raw/2026/announcements/413-store_announcement-florida.md,a15ff05343014b48a21df8d704d1ca6d6c17321f5274a35eb1f7bde5f2700299,,internal
NRG-POL-GOLD-0414,Customer Experience Policy — North Carolina #414,policy,Customer Experience,North Carolina,1.0,approved,2026-01-10,,raw/2026/policies/414-policy-north-carolina.md,5f66c517106bc87163cee10c01628d194252bf14524eb3da4679e506d009e3ab,,internal
NRG-SOP-GOLD-0415,Legal Procedure — Illinois #415,procedure,Legal,Illinois,1.0,approved,2026-02-11,,raw/2026/procedures/415-procedure-illinois.md,6adee1c3af4cc2c6edefcb346d5dc85892069ce46181e61ccbc5aa39b74874d3,,internal
NRG-RPT-GOLD-0416,Merchandising Report — Washington #416,report,Merchandising,Washington,1.0,approved,2026-03-12,,raw/2026/reports/416-report-washington.md,257503b327e9f2d76969dad982c8a227c21ae434b3cfa397ee1cc17ced3c92d7,,internal
NRG-RBK-GOLD-0417,Marketing Runbook — Georgia #417,runbook,Marketing,Georgia,1.0,approved,2026-04-13,,raw/2026/runbooks/417-runbook-georgia.md,66b508f0fc130d36efe7ffc6f34a9d1def2d8ed14f8108e5778b0ab01edde8ab,,internal
NRG-MAN-GOLD-0418,Store Operations Manual — Arizona #418,manual,Store Operations,Arizona,1.0,approved,2026-05-14,,raw/2026/manuals/418-manual-arizona.md,69792da7f181bb396d09a7e315511c2fd78637fe51a30451f612ded2355bf0db,,internal
NRG-ANN-GOLD-0419,Compliance Store Announcement — Colorado #419,store_announcement,Compliance,Colorado,1.0,approved,2026-06-15,,raw/2026/announcements/419-store_announcement-colorado.md,bfb03646b21e2dd14d1cabb7c8493d1f6cde7ce091d8196529c4546a6cb38561,,internal
NRG-POL-GOLD-0420,Sales Policy — California #420,policy,Sales,California,1.0,approved,2026-01-16,,raw/2026/policies/420-policy-california.md,0ec3c746affa6d5e08b3069401bd7f403eb1c201fe0625edf330e743ab7c379c,,internal
NRG-SOP-GOLD-0421,Supply Chain Procedure — Texas #421,procedure,Supply Chain,Texas,1.0,approved,2026-02-17,,raw/2026/procedures/421-procedure-texas.md,c148357ef06c709b87b017457b183baae95546e5a95a96a1d30f1116668c9191,,internal
NRG-RPT-GOLD-0422,Procurement Report — New York #422,report,Procurement,New York,1.0,approved,2026-03-18,,raw/2026/reports/422-report-new-york.md,dd774f6636976f993c7ecd48ac6cc45a507ad63d3fd1feba582efd9ab82d0313,,internal
NRG-RBK-GOLD-0423,Finance Runbook — Florida #423,runbook,Finance,Florida,1.0,approved,2026-04-19,,raw/2026/runbooks/423-runbook-florida.md,0536a25e6e06353d262de4aac9d2fed296174d5bf0517850c91ef30eb559276e,,internal
NRG-MAN-GOLD-0424,HR Manual — North Carolina #424,manual,HR,North Carolina,1.0,approved,2026-05-20,,raw/2026/manuals/424-manual-north-carolina.md,b0e6f74902f7c84fea817b2df9fe2d014eea5c501fdcba9aad9c396079b26693,,internal
NRG-ANN-GOLD-0425,Information Security Store Announcement — Illinois #425,store_announcement,Information Security,Illinois,1.0,approved,2026-06-21,,raw/2026/announcements/425-store_announcement-illinois.md,c2fe655694c62ef05da01ee46b82e3592e12c11d13c7e2b9eb130154b2b3b056,,internal
NRG-POL-GOLD-0426,Data Engineering Policy — Washington #426,policy,Data Engineering,Washington,1.0,approved,2026-01-22,,raw/2026/policies/426-policy-washington.md,7fbd617e78417d146e090a0cab0abcdd3a75192bbf8a251e89d739a645769f6d,,internal
NRG-SOP-GOLD-0427,Cloud Operations Procedure — Georgia #427,procedure,Cloud Operations,Georgia,1.0,approved,2026-02-23,,raw/2026/procedures/427-procedure-georgia.md,dcb277dcf4799ccdd1772dc1806039de83bbd51a010960aee1135142e87fcf15,,internal
NRG-RPT-GOLD-0428,Customer Experience Report — Arizona #428,report,Customer Experience,Arizona,1.0,approved,2026-03-24,,raw/2026/reports/428-report-arizona.md,8b2a964c111b3cb59d46d80c3a96422132b8e201790b2d03a5bba0c7d00d8a27,,internal
NRG-RBK-GOLD-0429,Legal Runbook — Colorado #429,runbook,Legal,Colorado,1.0,approved,2026-04-25,,raw/2026/runbooks/429-runbook-colorado.md,49e85348b1f3a8389698d22fdda1ade11f111584573131fd4f5a1df769a0a9f4,,internal
NRG-MAN-GOLD-0430,Merchandising Manual — California #430,manual,Merchandising,California,1.0,approved,2026-05-26,,raw/2026/manuals/430-manual-california.md,948329c79f3f3e077f0f0173c6d4722e1197f895d14c2c34ee02c3ae6f2196bc,,internal
NRG-ANN-GOLD-0431,Marketing Store Announcement — Texas #431,store_announcement,Marketing,Texas,1.0,approved,2026-06-27,,raw/2026/announcements/431-store_announcement-texas.md,4ae9386e38949011d44cf87c5528697197d215a270b1a6ee3435dcf3da1183c3,,internal
NRG-POL-GOLD-0432,Store Operations Policy — New York #432,policy,Store Operations,New York,1.0,approved,2026-01-01,,raw/2026/policies/432-policy-new-york.md,4c9c32cd9bc383ca3b35fe2b3f4c1e260a1332dad3f59c1d5b21a913034621a7,,internal
NRG-SOP-GOLD-0433,Compliance Procedure — Florida #433,procedure,Compliance,Florida,1.0,approved,2026-02-02,,raw/2026/procedures/433-procedure-florida.md,91c178d5519dfabe5f505500d66da0c4cacddc2c6385e39ad032b3919464e426,,internal
NRG-RPT-GOLD-0434,Sales Report — North Carolina #434,report,Sales,North Carolina,1.0,approved,2026-03-03,,raw/2026/reports/434-report-north-carolina.md,f48c547d8d31fcb2813e3f0e6d051385917bc9ea19ad4759ad5461451a0d679b,,internal
NRG-RBK-GOLD-0435,Supply Chain Runbook — Illinois #435,runbook,Supply Chain,Illinois,1.0,approved,2026-04-04,,raw/2026/runbooks/435-runbook-illinois.md,0431d10f0687c5225a26b8bed5e0c0e7b2956079ff0fb027ec9a15a08799a933,,internal
NRG-MAN-GOLD-0436,Procurement Manual — Washington #436,manual,Procurement,Washington,1.0,approved,2026-05-05,,raw/2026/manuals/436-manual-washington.md,f0993de95e008c2d899f3bf316bdf502ff1a2541059f7f8ed95c414d6e10b9a6,,internal
NRG-ANN-GOLD-0437,Finance Store Announcement — Georgia #437,store_announcement,Finance,Georgia,1.0,approved,2026-06-06,,raw/2026/announcements/437-store_announcement-georgia.md,194feca5d27eda830584b43b0c71206761d72a1cb3bc582644984d9d3db68053,,internal
NRG-POL-GOLD-0438,HR Policy — Arizona #438,policy,HR,Arizona,1.0,approved,2026-01-07,,raw/2026/policies/438-policy-arizona.md,eef54c1de23a6bcb687619ced4570f87743642d2bf03add735f8d283b627624e,,internal
NRG-SOP-GOLD-0439,Information Security Procedure — Colorado #439,procedure,Information Security,Colorado,1.0,approved,2026-02-08,,raw/2026/procedures/439-procedure-colorado.md,5ca952ecf4df2c88c19aeea66d4886582ee4ab9eea6c139039bb391dbb3e6e08,,internal
NRG-RPT-GOLD-0440,Data Engineering Report — California #440,report,Data Engineering,California,1.0,approved,2026-03-09,,raw/2026/reports/440-report-california.md,54bbbf21bea4f83841218887346a77e5711e08e9f04b01a602da7a55dd5d2574,,internal
NRG-RBK-GOLD-0441,Cloud Operations Runbook — Texas #441,runbook,Cloud Operations,Texas,1.0,approved,2026-04-10,,raw/2026/runbooks/441-runbook-texas.md,928942c8beefff928d8aef4b4f6e807e2a83c1033ac117e0e12722ec682cf314,,internal
NRG-MAN-GOLD-0442,Customer Experience Manual — New York #442,manual,Customer Experience,New York,1.0,approved,2026-05-11,,raw/2026/manuals/442-manual-new-york.md,eef6db5da8b118094681495669fb0a5cc4be8dbfd11ef8189d86462531e209fd,,internal
NRG-ANN-GOLD-0443,Legal Store Announcement — Florida #443,store_announcement,Legal,Florida,1.0,approved,2026-06-12,,raw/2026/announcements/443-store_announcement-florida.md,53cf2949a119728120268c3e5449194975f2c1064d890bfc13234dd39e666470,,internal
NRG-POL-GOLD-0444,Merchandising Policy — North Carolina #444,policy,Merchandising,North Carolina,1.0,approved,2026-01-13,,raw/2026/policies/444-policy-north-carolina.md,4ea56d1a79c6b2fe5d66bd425244f7e86946cdf6752ff7a28c11a050931d4d49,,internal
NRG-SOP-GOLD-0445,Marketing Procedure — Illinois #445,procedure,Marketing,Illinois,1.0,approved,2026-02-14,,raw/2026/procedures/445-procedure-illinois.md,b1ca7f4d09b6a0cbe11bcabf27a90a5d7c64be6e2e8785a58add9d01d26e345e,,internal
NRG-RPT-GOLD-0446,Store Operations Report — Washington #446,report,Store Operations,Washington,1.0,approved,2026-03-15,,raw/2026/reports/446-report-washington.md,4ef7dc0d47f6b3549f53fd0ce3f46f642bfd4865af0b50781bb238956ade4a18,,internal
NRG-RBK-GOLD-0447,Compliance Runbook — Georgia #447,runbook,Compliance,Georgia,1.0,approved,2026-04-16,,raw/2026/runbooks/447-runbook-georgia.md,5945ab58b837996843f5b9d453e702f7fbba87796cf50a6cbb8b4dc4ed97e91e,,internal
NRG-MAN-GOLD-0448,Sales Manual — Arizona #448,manual,Sales,Arizona,1.0,approved,2026-05-17,,raw/2026/manuals/448-manual-arizona.md,0614ed094b6b0cd5bfefce5e04a51cdf7d9576f4f8c09e5dcefcadc4fbcf90cc,,internal
NRG-ANN-GOLD-0449,Supply Chain Store Announcement — Colorado #449,store_announcement,Supply Chain,Colorado,1.0,approved,2026-06-18,,raw/2026/announcements/449-store_announcement-colorado.md,b2945a6e598152cc7ebbf774e5aca19ed8aa940052040493e8797d355a531a90,,internal
NRG-POL-GOLD-0450,Procurement Policy — California #450,policy,Procurement,California,1.0,approved,2026-01-19,,raw/2026/policies/450-policy-california.md,ec90ad09c4d224c4518325826dc7415cfeae6af2ba1dd2806ad53b62c2a9e3d3,,internal
NRG-SOP-GOLD-0451,Finance Procedure — Texas #451,procedure,Finance,Texas,1.0,approved,2026-02-20,,raw/2026/procedures/451-procedure-texas.md,dd6d6071a502b53db4cad0db76808524ee571c38ee54ac5787a001ee88d186fa,,internal
NRG-RPT-GOLD-0452,HR Report — New York #452,report,HR,New York,1.0,approved,2026-03-21,,raw/2026/reports/452-report-new-york.md,59668e4e517b3d06fff877e8824fd768a119e9755a3a6b4807103ee3180644fd,,internal
NRG-RBK-GOLD-0453,Information Security Runbook — Florida #453,runbook,Information Security,Florida,1.0,approved,2026-04-22,,raw/2026/runbooks/453-runbook-florida.md,68b1397efd7fecc1ae9fc1a72be5005b7a741b1343f1e3c06de1d33bc54b230e,,internal
NRG-MAN-GOLD-0454,Data Engineering Manual — North Carolina #454,manual,Data Engineering,North Carolina,1.0,approved,2026-05-23,,raw/2026/manuals/454-manual-north-carolina.md,938603920e751b58a230038d16bc23f0e6ffb0cc7205425fd67a90351a82e620,,internal
NRG-ANN-GOLD-0455,Cloud Operations Store Announcement — Illinois #455,store_announcement,Cloud Operations,Illinois,1.0,approved,2026-06-24,,raw/2026/announcements/455-store_announcement-illinois.md,a347547508c369398777e81e41d239e94035aa04e05bfa54d2e7d614fa9a04b7,,internal
NRG-POL-GOLD-0456,Customer Experience Policy — Washington #456,policy,Customer Experience,Washington,1.0,approved,2026-01-25,,raw/2026/policies/456-policy-washington.md,406b67b25d96c56b2af44600b05f4790c1425254b96a9676d29562c7bc0e8c76,,internal
NRG-SOP-GOLD-0457,Legal Procedure — Georgia #457,procedure,Legal,Georgia,1.0,approved,2026-02-26,,raw/2026/procedures/457-procedure-georgia.md,8e14b9981864ec45574203b0fbb32f2ce1acd5519f9104c12aa9ea4d0b6cfb31,,internal
NRG-RPT-GOLD-0458,Merchandising Report — Arizona #458,report,Merchandising,Arizona,1.0,approved,2026-03-27,,raw/2026/reports/458-report-arizona.md,449b439d9146f927213d6e91d75116417330f1e6c2af6784cbcf430bd67254ec,,internal
NRG-RBK-GOLD-0459,Marketing Runbook — Colorado #459,runbook,Marketing,Colorado,1.0,approved,2026-04-01,,raw/2026/runbooks/459-runbook-colorado.md,faf92362068a2709c60893621e70cd7180fd617a629d2a6a928639457ef7b26b,,internal
NRG-MAN-GOLD-0460,Store Operations Manual — California #460,manual,Store Operations,California,1.0,approved,2026-05-02,,raw/2026/manuals/460-manual-california.md,36792f34327cd0fe3584d679f39cd984f4f4a0c4b6fc8c26beb47724129e76b7,,internal
NRG-ANN-GOLD-0461,Compliance Store Announcement — Texas #461,store_announcement,Compliance,Texas,1.0,approved,2026-06-03,,raw/2026/announcements/461-store_announcement-texas.md,e315ccd71cf395f6b25fcb213f13b53ed5a239fc8bbf337859317f12b16e6cf1,,internal
NRG-POL-GOLD-0462,Sales Policy — New York #462,policy,Sales,New York,1.0,approved,2026-01-04,,raw/2026/policies/462-policy-new-york.md,53d8a3c9d6ab000522257d44f19bec169b92fe222e70badf527539d6805dc578,,internal
NRG-SOP-GOLD-0463,Supply Chain Procedure — Florida #463,procedure,Supply Chain,Florida,1.0,approved,2026-02-05,,raw/2026/procedures/463-procedure-florida.md,e8e1ecde7ef939b225631dc11a6d9652c1f28cb2418cad3bec3756aff4ee63a6,,internal
NRG-RPT-GOLD-0464,Procurement Report — North Carolina #464,report,Procurement,North Carolina,1.0,approved,2026-03-06,,raw/2026/reports/464-report-north-carolina.md,3f4069cc296d11d303f6277bf9964edfbad0c29ccdb0289156cb75dfe52d1e7e,,internal
NRG-RBK-GOLD-0465,Finance Runbook — Illinois #465,runbook,Finance,Illinois,1.0,approved,2026-04-07,,raw/2026/runbooks/465-runbook-illinois.md,84cd9949bf46e977c70300e702c60c83f26d992fc339f697a9395d72559411c0,,internal
NRG-MAN-GOLD-0466,HR Manual — Washington #466,manual,HR,Washington,1.0,approved,2026-05-08,,raw/2026/manuals/466-manual-washington.md,ef3fb128d595352e54bb6b88b01628c830ce7ce7368ebc71244ada5a41a1b3f6,,internal
NRG-ANN-GOLD-0467,Information Security Store Announcement — Georgia #467,store_announcement,Information Security,Georgia,1.0,approved,2026-06-09,,raw/2026/announcements/467-store_announcement-georgia.md,f1400a86fa7e56e3b6285a6079e3d2585a673439bd164dc6f508305798e7e4a8,,internal
NRG-POL-GOLD-0468,Data Engineering Policy — Arizona #468,policy,Data Engineering,Arizona,1.0,approved,2026-01-10,,raw/2026/policies/468-policy-arizona.md,7cd3c4ccedf4d83e06b1428b79b3a55286aa1f575410cacf503482953f5b5c8f,,internal
NRG-SOP-GOLD-0469,Cloud Operations Procedure — Colorado #469,procedure,Cloud Operations,Colorado,1.0,approved,2026-02-11,,raw/2026/procedures/469-procedure-colorado.md,15218a8e96a5cf65c10af3efbad11e897dbb51e1a32eb0f4ea48e67574d5cf97,,internal
NRG-RPT-GOLD-0470,Customer Experience Report — California #470,report,Customer Experience,California,1.0,approved,2026-03-12,,raw/2026/reports/470-report-california.md,f3febefa43cb3e4b4862f3d0c934c6d88e982e7f7c5256846c1b35542c68954f,,internal
NRG-RBK-GOLD-0471,Legal Runbook — Texas #471,runbook,Legal,Texas,1.0,approved,2026-04-13,,raw/2026/runbooks/471-runbook-texas.md,ecf79819fc35821767baeca79b933248d13741f6f33afec93cb3c5e0fd0e8789,,internal
NRG-MAN-GOLD-0472,Merchandising Manual — New York #472,manual,Merchandising,New York,1.0,approved,2026-05-14,,raw/2026/manuals/472-manual-new-york.md,a5abfc2e7055445c3fbed7be8eba42ddc34def891ba47f56f381ca915ca9b2bd,,internal
NRG-ANN-GOLD-0473,Marketing Store Announcement — Florida #473,store_announcement,Marketing,Florida,1.0,approved,2026-06-15,,raw/2026/announcements/473-store_announcement-florida.md,cbe8365c454c46febb625fad7006de307f61669c83f17bc39691c65b4c0b0ca8,,internal
NRG-POL-GOLD-0474,Store Operations Policy — North Carolina #474,policy,Store Operations,North Carolina,1.0,approved,2026-01-16,,raw/2026/policies/474-policy-north-carolina.md,10bac83362db06427dd4ce751c8aab4ef43fb0dfc5705bc957f0eaaa0309697a,,internal
NRG-SOP-GOLD-0475,Compliance Procedure — Illinois #475,procedure,Compliance,Illinois,1.0,approved,2026-02-17,,raw/2026/procedures/475-procedure-illinois.md,ee1c0ad0d950b3687f30f24608a5ad171b4f5fa99983e919ab5bfabbd766dffa,,internal
NRG-RPT-GOLD-0476,Sales Report — Washington #476,report,Sales,Washington,1.0,approved,2026-03-18,,raw/2026/reports/476-report-washington.md,f38dc825e6cd1e83c8f5378dc224daf6d6ad1db0d958d6049ec0293a3d5ae4f5,,internal
NRG-RBK-GOLD-0477,Supply Chain Runbook — Georgia #477,runbook,Supply Chain,Georgia,1.0,approved,2026-04-19,,raw/2026/runbooks/477-runbook-georgia.md,e5f550856f1a80b34a123a7c41a1ce3595a28d4790efa7c86581763a7042575f,,internal
NRG-MAN-GOLD-0478,Procurement Manual — Arizona #478,manual,Procurement,Arizona,1.0,approved,2026-05-20,,raw/2026/manuals/478-manual-arizona.md,6cc0c3dd0553ed3ecc91e4096861c50ff3fb566a0b41a251ffbd8cf43c6e6da4,,internal
NRG-ANN-GOLD-0479,Finance Store Announcement — Colorado #479,store_announcement,Finance,Colorado,1.0,approved,2026-06-21,,raw/2026/announcements/479-store_announcement-colorado.md,db816f619907890cb973cd7c949def87346b6c35bac58405795238ae7f38778b,,internal
NRG-POL-GOLD-0480,HR Policy — California #480,policy,HR,California,1.0,approved,2026-01-22,,raw/2026/policies/480-policy-california.md,66b01ebea02fb37438a826a5429afb81ca71e419101d68beffed6ac1bd19f230,,internal
NRG-SOP-GOLD-0481,Information Security Procedure — Texas #481,procedure,Information Security,Texas,1.0,approved,2026-02-23,,raw/2026/procedures/481-procedure-texas.md,84407688a6e08a5c9e6d725d64727f75fdef24590752c7bd5f2f3ef61410584f,,internal
NRG-RPT-GOLD-0482,Data Engineering Report — New York #482,report,Data Engineering,New York,1.0,approved,2026-03-24,,raw/2026/reports/482-report-new-york.md,96e10b18f8dc65f148ead14755eea6a954401f3b5279d21286abef10d7a33342,,internal
NRG-RBK-GOLD-0483,Cloud Operations Runbook — Florida #483,runbook,Cloud Operations,Florida,1.0,approved,2026-04-25,,raw/2026/runbooks/483-runbook-florida.md,3c1f4e6828da3a1ae29f14350e1dadd4221922f5a9237399a063ecebd0ce2606,,internal
NRG-MAN-GOLD-0484,Customer Experience Manual — North Carolina #484,manual,Customer Experience,North Carolina,1.0,approved,2026-05-26,,raw/2026/manuals/484-manual-north-carolina.md,49f384b77dd6d94bc275518eaa7864136128f515b366b2c3b6cd3184101fea1c,,internal
NRG-ANN-GOLD-0485,Legal Store Announcement — Illinois #485,store_announcement,Legal,Illinois,1.0,approved,2026-06-27,,raw/2026/announcements/485-store_announcement-illinois.md,54dc873b1cdd7e7f2cbbafc8915e8e0bfce037f8ce5e0f9dd1b4689e9ce4ce09,,internal
NRG-POL-GOLD-0486,Merchandising Policy — Washington #486,policy,Merchandising,Washington,1.0,approved,2026-01-01,,raw/2026/policies/486-policy-washington.md,e6ecb7642bc27654829f1a52653730a53f208e5cc9aa8b23bc1e366ed20a0f9c,,internal
NRG-SOP-GOLD-0487,Marketing Procedure — Georgia #487,procedure,Marketing,Georgia,1.0,approved,2026-02-02,,raw/2026/procedures/487-procedure-georgia.md,127a1e2dd1233545e8c49e007ae4c9e585139d3b69a01f23d701df05964b3510,,internal
NRG-RPT-GOLD-0488,Store Operations Report — Arizona #488,report,Store Operations,Arizona,1.0,approved,2026-03-03,,raw/2026/reports/488-report-arizona.md,f57d1cd119e8a8a114ae40fd1098ee05f4303910e30aaeab4a194c1e394bddf7,,internal
NRG-RBK-GOLD-0489,Compliance Runbook — Colorado #489,runbook,Compliance,Colorado,1.0,approved,2026-04-04,,raw/2026/runbooks/489-runbook-colorado.md,bda1a1ce8842563740670f66bf1814150b8926adea48f2ffbeec495a1edec886,,internal
NRG-MAN-GOLD-0490,Sales Manual — California #490,manual,Sales,California,1.0,approved,2026-05-05,,raw/2026/manuals/490-manual-california.md,d084e96b3349de5ef53ccb34ebcdd1e66b437f05e8de712e69b39c592a4a43f3,,internal
NRG-ANN-GOLD-0491,Supply Chain Store Announcement — Texas #491,store_announcement,Supply Chain,Texas,1.0,approved,2026-06-06,,raw/2026/announcements/491-store_announcement-texas.md,ffc3bb57ada5b79ef12f3993520350bb9683104c2f2275b9ee658f571940950b,,internal
